policy,link,bandwidth_hz,channel,snr_db,pipe,floor_cap,first_trial,sessions,connected,lines,delivered,lost,drops,stalls,median_s,p90_s,mean_s,reply_median_s,reply_p90_s,follow_up_median_s,follow_up_p90_s,file_bytes,file_median_s,keyed_per_line_s,duty,polls_per_line,turns_per_line,requests_per_line,wall_s
base,,2300,awgn,-12.0,fading,1,0,30,30,457,457,0,0,0,31.9,47.9,31.3,35.1,49.5,10.7,16.1,0,,32.93,0.689,1.298,0.796,0.0,1.3
keepalive5,keepalive_s=5.0,2300,awgn,-12.0,fading,1,0,30,30,457,457,0,0,0,29.1,44.5,29.4,32.5,45.7,10.7,19.2,0,,35.63,0.777,1.713,0.796,0.0,1.4
handover,handover=always,2300,awgn,-12.0,fading,1,0,30,30,457,457,0,0,0,16.1,37.8,19.6,14.6,26.9,34.0,46.3,0,,29.46,0.816,1.258,1.16,0.0,1.2
handover+keepalive5,"handover=always,keepalive_s=5.0",2300,awgn,-12.0,fading,1,0,30,30,457,457,0,0,0,16.1,36.4,19.0,14.5,26.8,32.9,44.1,0,,30.68,0.864,1.438,1.16,0.0,1.6
request,chat=True,2300,awgn,-12.0,fading,1,0,30,30,457,457,0,0,0,22.8,42.8,25.2,27.9,42.8,10.7,16.1,0,,30.93,0.741,0.648,0.796,0.707,1.7
handover+request,"chat=True,handover=always",2300,awgn,-12.0,fading,1,0,30,30,457,457,0,0,0,16.1,33.2,18.2,14.8,25.6,28.1,42.8,0,,29.11,0.838,1.12,1.16,0.164,1.8
ordinary-handover+request,"chat=True,handover=ordinary",2300,awgn,-12.0,fading,1,0,30,30,457,457,0,0,0,22.8,42.8,25.2,27.9,42.8,10.7,16.1,0,,30.93,0.741,0.648,0.796,0.707,1.5
request+keepalive20,"chat=True,keepalive_s=20.0",2300,awgn,-12.0,fading,1,0,30,30,457,457,0,0,0,22.5,42.8,25.2,27.9,42.8,10.7,16.1,0,,28.49,0.682,0.278,0.796,0.7,1.2
handover+request+keepalive20,"chat=True,handover=always,keepalive_s=20.0",2300,awgn,-12.0,fading,1,0,30,30,457,457,0,0,0,16.1,33.2,17.2,12.7,23.4,27.9,42.8,0,,27.56,0.818,0.873,1.16,0.177,1.2
base,,2300,awgn,-6.0,fading,1,0,30,30,457,457,0,0,0,21.3,28.4,19.6,22.9,29.3,5.4,9.6,0,,21.31,0.591,1.298,0.796,0.0,1.0
keepalive5,keepalive_s=5.0,2300,awgn,-6.0,fading,1,0,30,30,457,457,0,0,0,18.5,25.7,17.6,20.0,26.4,5.9,11.5,0,,24.02,0.703,1.713,0.796,0.0,1.1
handover,handover=always,2300,awgn,-6.0,fading,1,0,30,30,457,457,0,0,0,8.9,22.8,11.2,7.5,12.0,21.9,29.3,0,,21.13,0.763,1.258,1.16,0.0,0.9
handover+keepalive5,"handover=always,keepalive_s=5.0",2300,awgn,-6.0,fading,1,0,30,30,457,457,0,0,0,8.6,20.5,10.6,7.2,12.3,19.0,25.9,0,,22.33,0.824,1.438,1.16,0.0,1.0
request,chat=True,2300,awgn,-6.0,fading,1,0,30,30,457,457,0,0,0,12.3,18.9,13.5,15.3,19.5,5.4,9.6,0,,19.31,0.643,0.648,0.796,0.707,0.9
handover+request,"chat=True,handover=always",2300,awgn,-6.0,fading,1,0,30,30,457,457,0,0,0,8.8,17.1,9.8,7.5,11.8,16.8,20.7,0,,20.72,0.788,1.12,1.16,0.164,0.9
ordinary-handover+request,"chat=True,handover=ordinary",2300,awgn,-6.0,fading,1,0,30,30,457,457,0,0,0,12.3,18.9,13.5,15.3,19.5,5.4,9.6,0,,19.31,0.643,0.648,0.796,0.707,1.0
request+keepalive20,"chat=True,keepalive_s=20.0",2300,awgn,-6.0,fading,1,0,30,30,457,457,0,0,0,11.8,19.0,13.5,14.6,19.4,5.4,8.3,0,,16.86,0.562,0.278,0.796,0.7,0.8
handover+request+keepalive20,"chat=True,handover=always,keepalive_s=20.0",2300,awgn,-6.0,fading,1,0,30,30,457,457,0,0,0,5.8,17.1,8.8,5.4,11.7,15.9,19.9,0,,19.2,0.759,0.873,1.16,0.177,1.0
base,,2300,awgn,0.0,fading,1,0,30,30,457,457,0,0,0,7.6,12.9,7.6,8.5,13.4,2.1,3.2,0,,4.91,0.204,1.748,0.796,0.0,1.0
keepalive5,keepalive_s=5.0,2300,awgn,0.0,fading,1,0,30,30,457,457,0,0,0,5.6,9.0,5.8,6.2,9.0,2.1,3.3,0,,6.02,0.27,2.921,0.796,0.0,1.2
handover,handover=always,2300,awgn,0.0,fading,1,0,30,30,457,457,0,0,0,3.0,9.7,3.9,2.1,3.8,8.7,12.5,0,,5.33,0.261,2.022,1.16,0.0,1.0
handover+keepalive5,"handover=always,keepalive_s=5.0",2300,awgn,0.0,fading,1,0,30,30,457,457,0,0,0,3.1,7.3,3.6,2.1,4.0,5.9,8.9,0,,6.56,0.327,3.061,1.16,0.0,1.2
request,chat=True,2300,awgn,0.0,fading,1,0,30,30,457,457,0,0,0,3.0,4.4,3.3,3.0,4.5,2.1,3.2,0,,4.54,0.229,1.037,0.796,0.748,0.9
handover+request,"chat=True,handover=always",2300,awgn,0.0,fading,1,0,30,30,457,457,0,0,0,2.1,4.1,2.7,2.1,3.4,3.0,4.8,0,,5.26,0.273,1.827,1.16,0.217,1.0
ordinary-handover+request,"chat=True,handover=ordinary",2300,awgn,0.0,fading,1,0,30,30,457,457,0,0,0,2.1,4.1,2.9,2.1,3.8,3.0,5.2,0,,5.45,0.28,1.81,1.151,0.228,1.0
request+keepalive20,"chat=True,keepalive_s=20.0",2300,awgn,0.0,fading,1,0,30,30,457,457,0,0,0,3.0,4.1,3.3,3.0,4.1,2.1,3.2,0,,3.92,0.198,0.359,0.796,0.777,0.8
handover+request+keepalive20,"chat=True,handover=always,keepalive_s=20.0",2300,awgn,0.0,fading,1,0,30,30,457,457,0,0,0,2.1,4.1,2.7,2.1,3.2,3.0,4.1,0,,4.65,0.242,1.208,1.16,0.221,1.0
base,,2300,awgn,6.0,fading,1,0,30,30,457,457,0,0,0,6.8,12.0,6.6,7.8,12.4,1.1,1.2,0,,3.77,0.163,1.761,0.796,0.0,1.5
keepalive5,keepalive_s=5.0,2300,awgn,6.0,fading,1,0,30,30,457,457,0,0,0,4.6,7.9,4.7,5.5,8.0,1.1,1.7,0,,4.8,0.226,2.954,0.796,0.0,2.2
handover,handover=always,2300,awgn,6.0,fading,1,0,30,30,457,457,0,0,0,1.1,8.5,2.7,1.1,2.1,8.1,12.1,0,,3.97,0.206,2.039,1.16,0.0,1.8
handover+keepalive5,"handover=always,keepalive_s=5.0",2300,awgn,6.0,fading,1,0,30,30,457,457,0,0,0,1.1,5.9,2.3,1.1,2.1,5.4,8.0,0,,4.91,0.261,3.127,1.16,0.0,1.9
request,chat=True,2300,awgn,6.0,fading,1,0,30,30,457,457,0,0,0,2.0,3.4,2.3,2.5,3.5,1.1,1.2,0,,3.45,0.183,1.044,0.796,0.748,1.2
handover+request,"chat=True,handover=always",2300,awgn,6.0,fading,1,0,30,30,457,457,0,0,0,1.1,3.0,1.6,1.1,2.1,2.0,4.1,0,,3.88,0.214,1.838,1.16,0.219,1.2
ordinary-handover+request,"chat=True,handover=ordinary",2300,awgn,6.0,fading,1,0,30,30,457,457,0,0,0,1.1,3.0,1.6,1.1,2.1,2.0,4.1,0,,3.88,0.214,1.838,1.16,0.219,1.1
request+keepalive20,"chat=True,keepalive_s=20.0",2300,awgn,6.0,fading,1,0,30,30,457,457,0,0,0,2.0,3.0,2.3,2.1,3.0,1.1,1.1,0,,2.87,0.153,0.359,0.796,0.775,0.8
handover+request+keepalive20,"chat=True,handover=always,keepalive_s=20.0",2300,awgn,6.0,fading,1,0,30,30,457,457,0,0,0,1.1,3.0,1.5,1.1,2.1,2.0,3.1,0,,3.33,0.185,1.212,1.16,0.219,1.0
base,,2300,awgn,12.0,fading,1,0,30,30,457,457,0,0,0,6.3,11.5,6.2,7.2,11.8,1.1,1.1,0,,3.34,0.147,1.761,0.796,0.0,0.9
keepalive5,keepalive_s=5.0,2300,awgn,12.0,fading,1,0,30,30,457,457,0,0,0,4.3,7.4,4.3,5.0,7.6,1.1,1.5,0,,4.38,0.21,2.954,0.796,0.0,1.2
handover,handover=always,2300,awgn,12.0,fading,1,0,30,30,457,457,0,0,0,1.1,8.0,2.5,1.1,1.7,7.2,11.1,0,,3.74,0.196,2.039,1.16,0.0,1.0
handover+keepalive5,"handover=always,keepalive_s=5.0",2300,awgn,12.0,fading,1,0,30,30,457,457,0,0,0,1.1,5.7,2.0,1.1,1.7,5.1,7.2,0,,4.69,0.252,3.127,1.16,0.0,1.3
request,chat=True,2300,awgn,12.0,fading,1,0,30,30,457,457,0,0,0,2.0,2.5,1.9,2.0,2.5,1.1,1.1,0,,3.03,0.164,1.044,0.796,0.748,0.8
handover+request,"chat=True,handover=always",2300,awgn,12.0,fading,1,0,30,30,457,457,0,0,0,1.1,2.0,1.4,1.1,1.7,2.0,2.7,0,,3.65,0.204,1.838,1.16,0.219,1.0
ordinary-handover+request,"chat=True,handover=ordinary",2300,awgn,12.0,fading,1,0,30,30,457,457,0,0,0,1.1,2.0,1.4,1.1,1.7,2.0,2.7,0,,3.65,0.204,1.838,1.16,0.219,1.1
request+keepalive20,"chat=True,keepalive_s=20.0",2300,awgn,12.0,fading,1,0,30,30,457,457,0,0,0,2.0,2.0,1.9,2.0,2.0,1.1,1.1,0,,2.45,0.133,0.359,0.796,0.775,0.7
handover+request+keepalive20,"chat=True,handover=always,keepalive_s=20.0",2300,awgn,12.0,fading,1,0,30,30,457,457,0,0,0,1.1,2.0,1.3,1.1,1.1,2.0,2.0,0,,3.11,0.175,1.212,1.16,0.219,1.0
base,,2300,good,-12.0,fading,1,0,30,30,457,455,2,1,0,40.9,65.0,42.3,43.6,67.0,26.0,45.9,0,,43.9,0.746,1.755,0.886,0.0,9.5
keepalive5,keepalive_s=5.0,2300,good,-12.0,fading,1,0,30,30,457,457,0,0,0,39.1,63.6,40.8,41.6,65.0,25.7,47.5,0,,46.43,0.81,2.162,0.923,0.0,9.8
handover,handover=always,2300,good,-12.0,fading,1,0,30,30,457,420,37,5,0,31.0,55.3,33.5,28.8,50.9,42.5,62.6,0,,40.8,0.872,1.37,1.26,0.0,8.2
handover+keepalive5,"handover=always,keepalive_s=5.0",2300,good,-12.0,fading,1,0,30,30,457,445,12,2,0,31.2,57.5,34.0,28.4,54.2,37.9,65.7,0,,44.3,0.895,1.681,1.365,0.0,8.2
request,chat=True,2300,good,-12.0,fading,1,0,30,30,457,450,7,1,0,33.2,55.1,36.1,34.2,55.6,25.8,45.7,0,,40.97,0.788,1.0,0.869,0.624,8.0
handover+request,"chat=True,handover=always",2300,good,-12.0,fading,1,0,30,30,457,423,34,4,0,28.3,52.7,31.9,27.4,49.8,34.8,61.5,0,,40.17,0.885,1.365,1.291,0.136,7.3
ordinary-handover+request,"chat=True,handover=ordinary",2300,good,-12.0,fading,1,0,30,30,457,450,7,1,0,33.2,55.1,36.1,34.2,55.6,25.8,45.7,0,,40.97,0.788,1.0,0.869,0.624,7.9
request+keepalive20,"chat=True,keepalive_s=20.0",2300,good,-12.0,fading,1,0,30,30,457,454,3,2,0,33.2,57.3,35.8,34.8,59.0,21.5,47.8,0,,38.48,0.733,0.554,0.917,0.652,7.7
handover+request+keepalive20,"chat=True,handover=always,keepalive_s=20.0",2300,good,-12.0,fading,1,0,30,30,457,401,56,9,0,27.5,52.6,31.3,26.8,47.4,35.7,67.3,0,,38.28,0.878,1.131,1.263,0.131,7.0
base,,2300,good,-6.0,fading,1,0,30,30,457,447,10,1,0,24.5,38.7,24.5,26.4,39.5,6.8,17.9,0,,25.51,0.636,1.372,0.79,0.0,5.8
keepalive5,keepalive_s=5.0,2300,good,-6.0,fading,1,0,30,30,457,456,1,1,0,21.4,33.9,21.9,23.0,36.3,10.6,20.8,0,,27.95,0.727,1.867,0.81,0.0,6.2
handover,handover=always,2300,good,-6.0,fading,1,0,30,30,457,457,0,0,0,11.7,28.0,15.2,10.7,22.5,25.2,36.1,0,,25.02,0.789,1.322,1.206,0.0,5.1
handover+keepalive5,"handover=always,keepalive_s=5.0",2300,good,-6.0,fading,1,0,30,30,457,439,18,1,0,12.6,26.9,14.9,10.8,22.0,22.7,36.4,0,,25.49,0.841,1.449,1.138,0.0,5.6
request,chat=True,2300,good,-6.0,fading,1,0,30,30,457,429,28,2,0,17.1,28.2,18.2,17.2,30.8,5.9,15.8,0,,22.4,0.685,0.694,0.775,0.667,5.4
handover+request,"chat=True,handover=always",2300,good,-6.0,fading,1,0,30,30,457,457,0,0,0,11.6,24.6,13.5,10.7,20.2,20.6,33.3,0,,24.26,0.808,1.166,1.19,0.151,5.4
ordinary-handover+request,"chat=True,handover=ordinary",2300,good,-6.0,fading,1,0,30,30,457,457,0,0,0,17.1,28.2,18.0,17.2,30.9,5.9,16.1,0,,23.9,0.692,0.689,0.915,0.685,4.9
request+keepalive20,"chat=True,keepalive_s=20.0",2300,good,-6.0,fading,1,0,30,30,457,447,10,1,0,17.1,29.5,18.4,17.2,32.6,7.4,16.1,0,,21.12,0.617,0.313,0.794,0.683,4.4
handover+request+keepalive20,"chat=True,handover=always,keepalive_s=20.0",2300,good,-6.0,fading,1,0,30,30,457,457,0,0,0,11.3,21.4,12.9,10.7,19.7,18.6,27.9,0,,23.36,0.794,0.908,1.212,0.171,4.4
base,,2300,good,0.0,fading,1,0,30,30,457,457,0,0,0,12.1,24.7,13.3,13.6,25.7,5.4,9.6,0,,11.88,0.398,1.742,0.816,0.0,4.6
keepalive5,keepalive_s=5.0,2300,good,0.0,fading,1,0,30,30,457,457,0,0,0,9.6,22.3,11.6,11.7,23.0,5.4,9.2,0,,14.08,0.5,2.635,0.825,0.0,5.1
handover,handover=always,2300,good,0.0,fading,1,0,30,30,457,457,0,0,0,6.3,16.8,8.3,5.4,11.6,16.3,24.5,0,,13.91,0.561,1.755,1.21,0.0,4.4
handover+keepalive5,"handover=always,keepalive_s=5.0",2300,good,0.0,fading,1,0,30,30,457,445,12,1,0,6.1,15.7,7.8,5.4,11.6,13.7,23.7,0,,14.75,0.623,2.276,1.158,0.0,4.4
request,chat=True,2300,good,0.0,fading,1,0,30,30,457,457,0,0,0,7.2,17.2,9.3,9.1,18.5,4.7,8.4,0,,11.92,0.462,1.042,0.814,0.707,4.1
handover+request,"chat=True,handover=always",2300,good,0.0,fading,1,0,30,30,457,457,0,0,0,5.4,13.3,7.1,5.4,10.7,11.8,20.7,0,,13.7,0.581,1.567,1.228,0.201,4.2
ordinary-handover+request,"chat=True,handover=ordinary",2300,good,0.0,fading,1,0,30,30,457,457,0,0,0,6.1,17.1,8.7,6.0,17.1,6.8,15.8,0,,13.81,0.548,1.354,1.059,0.361,4.4
request+keepalive20,"chat=True,keepalive_s=20.0",2300,good,0.0,fading,1,0,30,30,457,457,0,0,0,8.3,17.2,9.5,9.6,17.9,4.2,8.0,0,,10.88,0.418,0.418,0.814,0.729,3.8
handover+request+keepalive20,"chat=True,handover=always,keepalive_s=20.0",2300,good,0.0,fading,1,0,30,30,457,457,0,0,0,5.4,13.6,7.0,5.4,10.7,11.8,18.5,0,,12.97,0.552,1.127,1.197,0.188,4.3
base,,2300,good,6.0,fading,1,0,30,30,457,457,0,0,0,7.2,12.8,7.2,8.4,13.0,1.1,3.1,0,,4.31,0.182,1.77,0.801,0.0,5.0
keepalive5,keepalive_s=5.0,2300,good,6.0,fading,1,0,30,30,457,457,0,0,0,5.3,8.7,5.4,6.0,8.9,2.1,3.4,0,,5.4,0.246,2.982,0.796,0.0,5.5
handover,handover=always,2300,good,6.0,fading,1,0,30,30,457,457,0,0,0,2.1,9.1,3.5,1.8,4.2,8.6,12.6,0,,4.62,0.231,2.046,1.16,0.0,4.7
handover+keepalive5,"handover=always,keepalive_s=5.0",2300,good,6.0,fading,1,0,30,30,457,457,0,0,0,2.1,6.9,3.0,1.6,4.2,6.1,8.7,0,,5.6,0.287,3.138,1.16,0.0,6.5
request,chat=True,2300,good,6.0,fading,1,0,30,30,457,457,0,0,0,3.0,4.5,2.9,3.0,4.6,1.1,3.1,0,,3.91,0.201,1.053,0.796,0.753,5.2
handover+request,"chat=True,handover=always",2300,good,6.0,fading,1,0,30,30,457,457,0,0,0,2.1,4.1,2.3,1.8,3.4,3.0,5.7,0,,4.53,0.241,1.842,1.16,0.219,5.8
ordinary-handover+request,"chat=True,handover=ordinary",2300,good,6.0,fading,1,0,30,30,457,457,0,0,0,2.1,4.1,2.3,1.9,3.4,3.0,5.7,0,,4.52,0.24,1.842,1.16,0.221,6.0
request+keepalive20,"chat=True,keepalive_s=20.0",2300,good,6.0,fading,1,0,30,30,457,457,0,0,0,3.0,4.1,2.8,3.0,4.1,1.1,3.1,0,,3.3,0.171,0.361,0.801,0.775,4.7
handover+request+keepalive20,"chat=True,handover=always,keepalive_s=20.0",2300,good,6.0,fading,1,0,30,30,457,457,0,0,0,2.1,4.1,2.3,1.6,3.2,3.0,4.2,0,,3.97,0.211,1.219,1.162,0.219,5.2
base,,2300,good,12.0,fading,1,0,30,30,457,457,0,0,0,6.6,11.8,6.5,7.4,11.9,1.1,3.1,0,,3.58,0.156,1.764,0.801,0.0,6.6
keepalive5,keepalive_s=5.0,2300,good,12.0,fading,1,0,30,30,457,457,0,0,0,4.5,7.6,4.5,5.2,7.7,1.1,3.1,0,,4.58,0.217,2.956,0.796,0.0,7.4
handover,handover=always,2300,good,12.0,fading,1,0,30,30,457,457,0,0,0,1.1,8.0,2.9,1.1,3.1,7.2,11.9,0,,4.0,0.206,2.042,1.16,0.0,6.4
handover+keepalive5,"handover=always,keepalive_s=5.0",2300,good,12.0,fading,1,0,30,30,457,457,0,0,0,1.1,5.8,2.4,1.1,3.1,5.4,7.7,0,,4.98,0.263,3.127,1.16,0.0,7.2
request,chat=True,2300,good,12.0,fading,1,0,30,30,457,457,0,0,0,2.0,3.4,2.2,2.0,3.5,1.1,3.1,0,,3.22,0.172,1.044,0.796,0.748,5.8
handover+request,"chat=True,handover=always",2300,good,12.0,fading,1,0,30,30,457,457,0,0,0,1.1,3.1,1.8,1.1,3.1,2.0,3.6,0,,3.96,0.216,1.84,1.16,0.219,6.2
ordinary-handover+request,"chat=True,handover=ordinary",2300,good,12.0,fading,1,0,30,30,457,457,0,0,0,1.1,3.1,1.8,1.1,3.1,2.0,3.6,0,,3.96,0.216,1.84,1.16,0.219,5.2
request+keepalive20,"chat=True,keepalive_s=20.0",2300,good,12.0,fading,1,0,30,30,457,457,0,0,0,2.0,3.1,2.1,2.0,3.0,1.1,3.1,0,,2.64,0.142,0.359,0.796,0.775,4.3
handover+request+keepalive20,"chat=True,handover=always,keepalive_s=20.0",2300,good,12.0,fading,1,0,30,30,457,457,0,0,0,1.1,3.1,1.7,1.1,3.1,2.0,3.0,0,,3.4,0.187,1.212,1.16,0.219,4.5
base,,2300,moderate,-12.0,fading,1,0,30,30,457,457,0,0,0,34.3,53.1,35.0,36.6,54.9,19.5,36.4,0,,36.51,0.709,1.341,0.805,0.0,9.7
keepalive5,keepalive_s=5.0,2300,moderate,-12.0,fading,1,0,30,30,457,457,0,0,0,32.4,50.1,33.3,33.7,51.7,20.3,41.2,0,,39.32,0.79,1.748,0.81,0.0,10.3
handover,handover=always,2300,moderate,-12.0,fading,1,0,30,30,457,457,0,0,0,24.1,42.9,25.5,21.5,40.4,35.5,49.8,0,,35.36,0.841,1.26,1.177,0.0,8.9
handover+keepalive5,"handover=always,keepalive_s=5.0",2300,moderate,-12.0,fading,1,0,30,30,457,457,0,0,0,24.5,41.8,25.9,22.1,38.3,33.8,51.5,0,,37.4,0.881,1.47,1.182,0.0,8.5
request,chat=True,2300,moderate,-12.0,fading,1,0,30,30,457,457,0,0,0,27.9,42.9,28.7,28.7,43.9,16.3,36.4,0,,34.22,0.756,0.7,0.807,0.696,7.9
handover+request,"chat=True,handover=always",2300,moderate,-12.0,fading,1,0,30,30,457,457,0,0,0,22.5,40.8,24.3,21.3,37.5,31.3,46.2,0,,35.09,0.859,1.155,1.188,0.162,7.8
ordinary-handover+request,"chat=True,handover=ordinary",2300,moderate,-12.0,fading,1,0,30,30,457,457,0,0,0,27.9,42.9,28.7,28.7,43.9,16.3,36.4,0,,34.22,0.756,0.7,0.807,0.696,8.2
request+keepalive20,"chat=True,keepalive_s=20.0",2300,moderate,-12.0,fading,1,0,30,30,457,457,0,0,0,27.9,42.9,28.1,27.9,44.2,16.1,38.0,0,,31.33,0.701,0.295,0.807,0.7,7.5
handover+request+keepalive20,"chat=True,handover=always,keepalive_s=20.0",2300,moderate,-12.0,fading,1,0,30,30,457,452,5,1,0,21.5,38.5,23.8,21.4,36.4,28.1,45.2,0,,33.79,0.845,0.921,1.179,0.173,7.9
base,,2300,moderate,-6.0,fading,1,0,30,30,457,457,0,0,0,22.0,29.8,20.7,23.6,31.0,5.4,14.9,0,,22.43,0.602,1.298,0.796,0.0,6.4
keepalive5,keepalive_s=5.0,2300,moderate,-6.0,fading,1,0,30,30,457,457,0,0,0,19.2,27.4,18.9,20.5,27.9,9.1,17.1,0,,25.23,0.712,1.713,0.796,0.0,7.0
handover,handover=always,2300,moderate,-6.0,fading,1,0,30,30,457,457,0,0,0,10.7,25.5,13.1,9.4,18.4,24.0,32.7,0,,22.97,0.775,1.256,1.162,0.0,6.0
handover+keepalive5,"handover=always,keepalive_s=5.0",2300,moderate,-6.0,fading,1,0,30,30,457,457,0,0,0,10.7,22.3,12.4,8.9,18.5,21.3,28.3,0,,24.08,0.831,1.438,1.16,0.0,5.9
request,chat=True,2300,moderate,-6.0,fading,1,0,30,30,457,457,0,0,0,14.9,20.8,14.5,17.1,21.4,5.4,14.9,0,,20.25,0.653,0.648,0.796,0.707,5.4
handover+request,"chat=True,handover=always",2300,moderate,-6.0,fading,1,0,30,30,457,457,0,0,0,10.7,20.4,11.6,9.1,16.1,18.1,23.4,0,,22.42,0.798,1.12,1.16,0.164,5.2
ordinary-handover+request,"chat=True,handover=ordinary",2300,moderate,-6.0,fading,1,0,30,30,457,457,0,0,0,14.9,20.8,14.5,17.1,21.4,5.4,14.9,0,,20.25,0.653,0.648,0.796,0.707,5.1
request+keepalive20,"chat=True,keepalive_s=20.0",2300,moderate,-6.0,fading,1,0,30,30,457,457,0,0,0,14.9,22.5,15.2,17.1,22.5,5.4,14.9,0,,18.46,0.583,0.278,0.796,0.7,4.6
handover+request+keepalive20,"chat=True,handover=always,keepalive_s=20.0",2300,moderate,-6.0,fading,1,0,30,30,457,457,0,0,0,10.7,17.8,10.7,7.3,14.9,17.1,22.5,0,,20.99,0.772,0.873,1.16,0.177,5.0
base,,2300,moderate,0.0,fading,1,0,30,30,457,457,0,0,0,11.2,22.4,12.5,13.0,24.0,4.2,8.4,0,,10.66,0.368,1.729,0.832,0.0,5.1
keepalive5,keepalive_s=5.0,2300,moderate,0.0,fading,1,0,30,30,457,457,0,0,0,9.2,21.1,10.7,10.5,21.8,4.2,8.0,0,,11.85,0.435,2.799,0.851,0.0,5.5
handover,handover=always,2300,moderate,0.0,fading,1,0,30,30,457,457,0,0,0,5.4,15.5,7.6,5.3,10.9,13.4,23.3,0,,12.61,0.523,1.72,1.256,0.0,4.9
handover+keepalive5,"handover=always,keepalive_s=5.0",2300,moderate,0.0,fading,1,0,30,30,457,457,0,0,0,5.9,14.7,7.4,5.4,10.7,11.8,21.4,0,,14.05,0.588,2.501,1.236,0.0,4.5
request,chat=True,2300,moderate,0.0,fading,1,0,30,30,457,457,0,0,0,6.9,17.1,8.6,8.2,17.2,5.2,6.7,0,,10.64,0.423,1.059,0.849,0.735,3.6
handover+request,"chat=True,handover=always",2300,moderate,0.0,fading,1,0,30,30,457,457,0,0,0,5.4,11.8,6.5,5.4,10.7,10.4,17.2,0,,12.44,0.54,1.58,1.249,0.204,4.0
ordinary-handover+request,"chat=True,handover=ordinary",2300,moderate,0.0,fading,1,0,30,30,457,457,0,0,0,5.4,17.1,7.6,5.4,17.1,7.2,17.1,0,,12.48,0.518,1.488,1.217,0.339,4.8
request+keepalive20,"chat=True,keepalive_s=20.0",2300,moderate,0.0,fading,1,0,30,30,457,457,0,0,0,7.2,17.2,9.2,8.9,17.7,4.2,7.3,0,,10.12,0.394,0.403,0.829,0.757,4.4
handover+request+keepalive20,"chat=True,handover=always,keepalive_s=20.0",2300,moderate,0.0,fading,1,0,30,30,457,457,0,0,0,5.4,12.3,6.7,5.4,10.7,9.0,17.1,0,,12.1,0.521,1.123,1.225,0.197,4.4
base,,2300,moderate,6.0,fading,1,0,30,30,457,457,0,0,0,7.2,12.5,7.2,8.3,12.7,1.1,3.2,0,,4.28,0.181,1.772,0.799,0.0,4.0
keepalive5,keepalive_s=5.0,2300,moderate,6.0,fading,1,0,30,30,457,457,0,0,0,5.3,8.5,5.2,6.0,8.8,1.8,3.1,0,,5.28,0.243,2.956,0.796,0.0,4.4
handover,handover=always,2300,moderate,6.0,fading,1,0,30,30,457,457,0,0,0,2.1,9.0,3.3,1.3,3.9,8.1,12.5,0,,4.49,0.226,2.042,1.179,0.0,3.8
handover+keepalive5,"handover=always,keepalive_s=5.0",2300,moderate,6.0,fading,1,0,30,30,457,457,0,0,0,2.1,6.7,2.8,1.3,3.6,6.0,8.3,0,,5.35,0.277,3.14,1.16,0.0,3.4
request,chat=True,2300,moderate,6.0,fading,1,0,30,30,457,457,0,0,0,3.0,4.1,2.8,3.0,4.4,1.1,3.1,0,,3.87,0.2,1.048,0.799,0.751,2.5
handover+request,"chat=True,handover=always",2300,moderate,6.0,fading,1,0,30,30,457,457,0,0,0,2.0,4.1,2.2,1.3,3.2,3.0,4.6,0,,4.39,0.235,1.847,1.164,0.221,2.8
ordinary-handover+request,"chat=True,handover=ordinary",2300,moderate,6.0,fading,1,0,30,30,457,457,0,0,0,2.0,4.1,2.2,1.3,3.2,3.0,4.6,0,,4.39,0.235,1.847,1.164,0.221,2.8
request+keepalive20,"chat=True,keepalive_s=20.0",2300,moderate,6.0,fading,1,0,30,30,457,457,0,0,0,3.0,4.1,2.7,3.0,4.1,1.1,3.1,0,,3.27,0.17,0.361,0.796,0.775,2.0
handover+request+keepalive20,"chat=True,handover=always,keepalive_s=20.0",2300,moderate,6.0,fading,1,0,30,30,457,457,0,0,0,2.0,3.2,2.1,1.1,3.1,3.0,4.1,0,,3.8,0.205,1.219,1.166,0.217,2.4
base,,2300,moderate,12.0,fading,1,0,30,30,457,457,0,0,0,6.5,11.7,6.3,7.3,11.9,1.1,3.1,0,,3.46,0.152,1.761,0.796,0.0,2.8
keepalive5,keepalive_s=5.0,2300,moderate,12.0,fading,1,0,30,30,457,457,0,0,0,4.5,7.5,4.5,5.2,7.7,1.1,3.1,0,,4.52,0.215,2.954,0.796,0.0,3.3
handover,handover=always,2300,moderate,12.0,fading,1,0,30,30,457,457,0,0,0,1.1,8.2,2.8,1.1,3.1,7.2,11.6,0,,3.95,0.204,2.039,1.16,0.0,2.8
handover+keepalive5,"handover=always,keepalive_s=5.0",2300,moderate,12.0,fading,1,0,30,30,457,457,0,0,0,1.1,5.7,2.3,1.1,3.1,5.1,7.2,0,,4.86,0.259,3.127,1.16,0.0,3.3
request,chat=True,2300,moderate,12.0,fading,1,0,30,30,457,457,0,0,0,2.0,3.1,2.1,2.0,3.3,1.1,3.1,0,,3.14,0.169,1.044,0.796,0.748,2.3
handover+request,"chat=True,handover=always",2300,moderate,12.0,fading,1,0,30,30,457,457,0,0,0,1.1,3.1,1.6,1.1,3.1,2.0,3.5,0,,3.84,0.212,1.838,1.16,0.219,2.8
ordinary-handover+request,"chat=True,handover=ordinary",2300,moderate,12.0,fading,1,0,30,30,457,457,0,0,0,1.1,3.1,1.6,1.1,3.1,2.0,3.5,0,,3.84,0.212,1.838,1.16,0.219,2.8
request+keepalive20,"chat=True,keepalive_s=20.0",2300,moderate,12.0,fading,1,0,30,30,457,457,0,0,0,2.0,3.0,2.0,2.0,2.6,1.1,3.1,0,,2.56,0.138,0.359,0.796,0.775,2.0
handover+request+keepalive20,"chat=True,handover=always,keepalive_s=20.0",2300,moderate,12.0,fading,1,0,30,30,457,457,0,0,0,1.1,3.1,1.6,1.1,3.1,2.0,3.5,0,,3.31,0.183,1.212,1.16,0.219,2.2
base,,2300,poor,-12.0,fading,1,0,30,30,457,457,0,0,0,32.0,49.3,32.5,35.2,51.5,14.2,26.8,0,,34.06,0.695,1.304,0.796,0.0,4.8
keepalive5,keepalive_s=5.0,2300,poor,-12.0,fading,1,0,30,30,457,457,0,0,0,29.7,44.8,30.5,32.5,47.1,16.1,29.9,0,,36.69,0.781,1.711,0.796,0.0,5.1
handover,handover=always,2300,poor,-12.0,fading,1,0,30,30,457,457,0,0,0,22.4,39.6,24.3,21.4,36.4,34.7,48.1,0,,33.97,0.833,1.263,1.16,0.0,4.5
handover+keepalive5,"handover=always,keepalive_s=5.0",2300,poor,-12.0,fading,1,0,30,30,457,457,0,0,0,22.6,38.3,23.9,21.4,36.7,32.9,46.1,0,,35.45,0.876,1.44,1.16,0.0,5.1
request,chat=True,2300,poor,-12.0,fading,1,0,30,30,457,457,0,0,0,25.7,42.8,26.4,27.9,42.8,14.2,29.3,0,,31.98,0.746,0.646,0.799,0.707,4.7
handover+request,"chat=True,handover=always",2300,poor,-12.0,fading,1,0,30,30,457,457,0,0,0,21.5,36.4,22.5,20.3,34.6,28.2,42.8,0,,33.22,0.851,1.125,1.16,0.164,4.8
ordinary-handover+request,"chat=True,handover=ordinary",2300,poor,-12.0,fading,1,0,30,30,457,457,0,0,0,25.7,42.8,26.4,27.9,42.8,14.2,29.3,0,,31.98,0.746,0.646,0.799,0.707,4.6
request+keepalive20,"chat=True,keepalive_s=20.0",2300,poor,-12.0,fading,1,0,30,30,457,457,0,0,0,24.8,42.8,26.6,27.9,42.8,14.9,26.8,0,,29.72,0.69,0.28,0.796,0.7,4.2
handover+request+keepalive20,"chat=True,handover=always,keepalive_s=20.0",2300,poor,-12.0,fading,1,0,30,30,457,457,0,0,0,21.5,36.4,22.1,20.3,33.2,27.9,42.8,0,,32.31,0.836,0.873,1.162,0.177,4.4
base,,2300,poor,-6.0,fading,1,0,30,30,457,457,0,0,0,22.2,31.1,21.2,23.8,32.0,5.4,14.9,0,,22.85,0.606,1.298,0.796,0.0,3.3
keepalive5,keepalive_s=5.0,2300,poor,-6.0,fading,1,0,30,30,457,457,0,0,0,19.7,27.7,19.4,20.9,28.3,9.7,18.8,0,,25.74,0.716,1.713,0.796,0.0,3.8
handover,handover=always,2300,poor,-6.0,fading,1,0,30,30,457,457,0,0,0,10.7,25.2,13.1,9.1,19.5,23.5,32.5,0,,22.92,0.774,1.258,1.16,0.0,3.2
handover+keepalive5,"handover=always,keepalive_s=5.0",2300,poor,-6.0,fading,1,0,30,30,457,457,0,0,0,10.8,22.3,12.5,9.3,18.3,20.5,27.6,0,,24.09,0.831,1.438,1.16,0.0,2.9
request,chat=True,2300,poor,-6.0,fading,1,0,30,30,457,457,0,0,0,14.9,22.5,15.3,17.1,22.5,6.5,14.9,0,,21.0,0.66,0.648,0.796,0.707,2.7
handover+request,"chat=True,handover=always",2300,poor,-6.0,fading,1,0,30,30,457,457,0,0,0,10.7,20.2,11.6,9.4,17.2,17.2,22.9,0,,22.43,0.797,1.12,1.16,0.164,2.7
ordinary-handover+request,"chat=True,handover=ordinary",2300,poor,-6.0,fading,1,0,30,30,457,457,0,0,0,14.9,22.5,15.3,17.1,22.5,6.5,14.9,0,,21.0,0.66,0.648,0.796,0.707,2.8
request+keepalive20,"chat=True,keepalive_s=20.0",2300,poor,-6.0,fading,1,0,30,30,457,457,0,0,0,14.9,22.5,15.1,17.1,22.5,5.4,14.9,0,,18.4,0.582,0.278,0.796,0.7,2.5
handover+request+keepalive20,"chat=True,handover=always,keepalive_s=20.0",2300,poor,-6.0,fading,1,0,30,30,457,457,0,0,0,10.7,18.6,11.0,7.0,16.1,17.2,22.6,0,,21.25,0.773,0.873,1.16,0.177,2.7
base,,2300,poor,0.0,fading,1,0,30,30,457,457,0,0,0,11.0,21.0,11.5,12.5,21.6,4.2,6.3,0,,9.28,0.331,1.794,0.864,0.0,2.9
keepalive5,keepalive_s=5.0,2300,poor,0.0,fading,1,0,30,30,457,457,0,0,0,8.4,18.2,9.6,9.5,19.3,4.2,8.1,0,,10.49,0.402,2.937,0.871,0.0,3.3
handover,handover=always,2300,poor,0.0,fading,1,0,30,30,457,451,6,1,0,5.3,14.8,6.9,5.1,9.9,13.5,21.3,0,,10.52,0.454,1.906,1.276,0.0,2.8
handover+keepalive5,"handover=always,keepalive_s=5.0",2300,poor,0.0,fading,1,0,30,30,457,457,0,0,0,5.3,12.6,6.3,4.2,9.5,9.9,18.9,0,,11.64,0.509,2.742,1.326,0.0,3.2
request,chat=True,2300,poor,0.0,fading,1,0,30,30,457,457,0,0,0,6.1,14.9,7.4,6.3,16.9,3.9,6.3,0,,9.0,0.376,1.118,0.853,0.744,2.5
handover+request,"chat=True,handover=always",2300,poor,0.0,fading,1,0,30,30,457,457,0,0,0,5.3,10.7,5.7,4.4,8.4,7.4,16.4,0,,10.72,0.483,1.707,1.287,0.197,2.7
ordinary-handover+request,"chat=True,handover=ordinary",2300,poor,0.0,fading,1,0,30,30,457,457,0,0,0,5.4,16.1,7.0,5.3,16.2,6.3,15.1,0,,11.44,0.487,1.628,1.162,0.28,2.8
request+keepalive20,"chat=True,keepalive_s=20.0",2300,poor,0.0,fading,1,0,30,30,457,457,0,0,0,6.3,17.0,8.0,6.9,17.2,4.2,6.3,0,,8.69,0.354,0.414,0.873,0.777,2.4
handover+request+keepalive20,"chat=True,handover=always,keepalive_s=20.0",2300,poor,0.0,fading,1,0,30,30,457,443,14,1,0,5.3,11.2,5.7,4.2,8.2,9.0,17.4,0,,9.79,0.456,1.149,1.274,0.195,2.5
base,,2300,poor,6.0,fading,1,0,30,30,457,457,0,0,0,7.2,12.4,7.0,8.1,12.7,1.1,3.1,0,,4.09,0.174,1.761,0.801,0.0,2.4
keepalive5,keepalive_s=5.0,2300,poor,6.0,fading,1,0,30,30,457,457,0,0,0,4.9,8.3,5.0,5.9,8.6,1.1,3.1,0,,5.08,0.236,2.963,0.799,0.0,2.8
handover,handover=always,2300,poor,6.0,fading,1,0,30,30,457,457,0,0,0,2.1,9.2,3.2,1.1,3.2,8.1,12.1,0,,4.36,0.221,2.044,1.162,0.0,2.4
handover+keepalive5,"handover=always,keepalive_s=5.0",2300,poor,6.0,fading,1,0,30,30,457,457,0,0,0,1.5,6.1,2.6,1.1,3.2,5.9,8.2,0,,5.18,0.271,3.133,1.162,0.0,2.7
request,chat=True,2300,poor,6.0,fading,1,0,30,30,457,457,0,0,0,3.0,4.1,2.7,3.0,4.1,1.1,3.1,0,,3.76,0.196,1.046,0.796,0.751,2.0
handover+request,"chat=True,handover=always",2300,poor,6.0,fading,1,0,30,30,457,457,0,0,0,1.7,3.2,1.9,1.1,3.1,3.0,4.1,0,,4.16,0.226,1.838,1.164,0.219,2.2
ordinary-handover+request,"chat=True,handover=ordinary",2300,poor,6.0,fading,1,0,30,30,457,457,0,0,0,1.7,3.2,1.9,1.1,3.1,3.0,4.1,0,,4.16,0.226,1.838,1.164,0.219,2.2
request+keepalive20,"chat=True,keepalive_s=20.0",2300,poor,6.0,fading,1,0,30,30,457,457,0,0,0,2.5,4.1,2.6,3.0,4.1,1.1,3.0,0,,3.15,0.165,0.359,0.796,0.775,1.7
handover+request+keepalive20,"chat=True,handover=always,keepalive_s=20.0",2300,poor,6.0,fading,1,0,30,30,457,457,0,0,0,1.2,3.2,1.9,1.1,3.1,3.0,4.1,0,,3.67,0.199,1.212,1.164,0.219,1.8
base,,2300,poor,12.0,fading,1,0,30,30,457,457,0,0,0,6.4,11.6,6.3,7.2,11.8,1.1,3.1,0,,3.48,0.152,1.761,0.796,0.0,2.0
keepalive5,keepalive_s=5.0,2300,poor,12.0,fading,1,0,30,30,457,457,0,0,0,4.4,7.6,4.5,5.1,7.7,1.1,3.1,0,,4.54,0.216,2.954,0.796,0.0,2.3
handover,handover=always,2300,poor,12.0,fading,1,0,30,30,457,457,0,0,0,1.1,8.2,2.9,1.1,3.1,7.2,11.1,0,,4.06,0.209,2.039,1.16,0.0,2.0
handover+keepalive5,"handover=always,keepalive_s=5.0",2300,poor,12.0,fading,1,0,30,30,457,457,0,0,0,1.1,5.9,2.4,1.1,3.2,5.4,7.4,0,,5.01,0.264,3.127,1.16,0.0,2.5
request,chat=True,2300,poor,12.0,fading,1,0,30,30,457,457,0,0,0,2.0,3.1,2.1,2.0,3.2,1.1,3.1,0,,3.19,0.171,1.044,0.796,0.748,1.8
handover+request,"chat=True,handover=always",2300,poor,12.0,fading,1,0,30,30,457,457,0,0,0,1.1,3.1,1.7,1.1,3.1,2.0,3.2,0,,3.97,0.218,1.838,1.16,0.219,2.0
ordinary-handover+request,"chat=True,handover=ordinary",2300,poor,12.0,fading,1,0,30,30,457,457,0,0,0,1.1,3.1,1.7,1.1,3.1,2.0,3.2,0,,3.97,0.218,1.838,1.16,0.219,2.1
request+keepalive20,"chat=True,keepalive_s=20.0",2300,poor,12.0,fading,1,0,30,30,457,457,0,0,0,2.0,3.1,2.1,2.0,3.0,1.1,3.1,0,,2.63,0.141,0.359,0.796,0.775,1.5
handover+request+keepalive20,"chat=True,handover=always,keepalive_s=20.0",2300,poor,12.0,fading,1,0,30,30,457,457,0,0,0,1.1,3.1,1.7,1.1,3.1,2.0,3.1,0,,3.45,0.189,1.212,1.16,0.219,1.7
base,,500,awgn,-12.0,fading,1,0,30,30,457,457,0,0,0,31.9,47.9,31.8,35.1,49.5,14.2,21.5,0,,33.41,0.692,1.298,0.796,0.0,1.0
keepalive5,keepalive_s=5.0,500,awgn,-12.0,fading,1,0,30,30,457,457,0,0,0,29.1,44.5,29.8,32.5,45.7,15.9,23.7,0,,36.12,0.779,1.713,0.796,0.0,1.2
handover,handover=always,500,awgn,-12.0,fading,1,0,30,30,457,457,0,0,0,19.0,37.8,21.2,16.6,27.6,34.0,46.3,0,,31.08,0.824,1.258,1.16,0.0,1.0
handover+keepalive5,"handover=always,keepalive_s=5.0",500,awgn,-12.0,fading,1,0,30,30,457,457,0,0,0,18.4,36.4,20.6,16.1,27.4,32.9,44.1,0,,32.27,0.87,1.438,1.16,0.0,1.0
request,chat=True,500,awgn,-12.0,fading,1,0,30,30,457,457,0,0,0,22.9,42.8,25.7,27.9,42.8,14.2,21.5,0,,31.42,0.744,0.648,0.796,0.707,1.0
handover+request,"chat=True,handover=always",500,awgn,-12.0,fading,1,0,30,30,457,457,0,0,0,18.0,33.2,19.8,16.6,27.0,28.1,42.8,0,,30.68,0.845,1.12,1.16,0.164,1.0
ordinary-handover+request,"chat=True,handover=ordinary",500,awgn,-12.0,fading,1,0,30,30,457,457,0,0,0,22.9,42.8,25.7,27.9,42.8,14.2,21.5,0,,31.42,0.744,0.648,0.796,0.707,0.9
request+keepalive20,"chat=True,keepalive_s=20.0",500,awgn,-12.0,fading,1,0,30,30,457,457,0,0,0,22.6,42.8,25.7,27.9,42.8,12.9,21.5,0,,28.97,0.686,0.278,0.796,0.7,0.8
handover+request+keepalive20,"chat=True,handover=always,keepalive_s=20.0",500,awgn,-12.0,fading,1,0,30,30,457,457,0,0,0,17.1,33.2,18.8,16.1,24.5,27.9,42.8,0,,29.16,0.826,0.873,1.16,0.177,0.8
base,,500,awgn,-6.0,fading,1,0,30,30,457,457,0,0,0,26.8,37.2,24.8,28.4,37.7,9.6,10.9,0,,26.56,0.642,1.298,0.796,0.0,0.9
keepalive5,keepalive_s=5.0,500,awgn,-6.0,fading,1,0,30,30,457,457,0,0,0,23.6,33.3,22.9,25.6,33.8,10.7,15.7,0,,29.26,0.743,1.713,0.796,0.0,1.0
handover,handover=always,500,awgn,-6.0,fading,1,0,30,30,457,457,0,0,0,11.6,29.5,14.9,10.7,18.4,28.0,36.0,0,,24.84,0.791,1.258,1.16,0.0,0.8
handover+keepalive5,"handover=always,keepalive_s=5.0",500,awgn,-6.0,fading,1,0,30,30,457,457,0,0,0,11.5,27.0,14.3,10.7,18.8,25.2,33.1,0,,26.04,0.845,1.438,1.16,0.0,0.9
request,chat=True,500,awgn,-6.0,fading,1,0,30,30,457,457,0,0,0,17.6,27.9,18.8,22.5,27.9,9.6,10.9,0,,24.57,0.696,0.648,0.796,0.707,0.8
handover+request,"chat=True,handover=always",500,awgn,-6.0,fading,1,0,30,30,457,457,0,0,0,11.6,22.8,13.5,10.7,17.7,22.1,29.4,0,,24.44,0.814,1.12,1.16,0.164,0.8
ordinary-handover+request,"chat=True,handover=ordinary",500,awgn,-6.0,fading,1,0,30,30,457,457,0,0,0,17.6,27.9,18.8,22.5,27.9,9.6,10.9,0,,24.57,0.696,0.648,0.796,0.707,0.8
request+keepalive20,"chat=True,keepalive_s=20.0",500,awgn,-6.0,fading,1,0,30,30,457,457,0,0,0,17.2,27.9,18.8,22.5,27.9,7.6,10.7,0,,22.12,0.627,0.278,0.796,0.7,0.7
handover+request+keepalive20,"chat=True,handover=always,keepalive_s=20.0",500,awgn,-6.0,fading,1,0,30,30,457,457,0,0,0,10.7,22.5,12.5,10.7,17.1,21.3,27.9,0,,22.92,0.79,0.873,1.16,0.177,0.7
base,,500,awgn,0.0,fading,1,0,30,30,457,457,0,0,0,11.4,17.8,11.0,12.7,18.4,3.2,4.2,0,,7.95,0.289,1.761,0.796,0.0,1.1
keepalive5,keepalive_s=5.0,500,awgn,0.0,fading,1,0,30,30,457,457,0,0,0,9.8,14.1,9.1,10.6,14.7,3.2,4.4,0,,8.98,0.35,2.954,0.796,0.0,1.3
handover,handover=always,500,awgn,0.0,fading,1,0,30,30,457,457,0,0,0,4.2,13.2,5.7,3.2,8.4,12.8,18.2,0,,6.85,0.308,2.039,1.16,0.0,0.9
handover+keepalive5,"handover=always,keepalive_s=5.0",500,awgn,0.0,fading,1,0,30,30,457,457,0,0,0,4.2,10.9,5.2,3.2,7.2,10.4,14.5,0,,7.8,0.358,3.127,1.16,0.0,1.2
request,chat=True,500,awgn,0.0,fading,1,0,30,30,457,457,0,0,0,6.5,10.4,6.8,7.2,10.4,3.2,4.2,0,,7.64,0.328,1.044,0.796,0.748,1.0
handover+request,"chat=True,handover=always",500,awgn,0.0,fading,1,0,30,30,457,457,0,0,0,4.2,9.3,4.5,3.2,6.3,7.2,10.4,0,,6.76,0.321,1.838,1.16,0.219,1.0
ordinary-handover+request,"chat=True,handover=ordinary",500,awgn,0.0,fading,1,0,30,30,457,457,0,0,0,4.2,9.3,4.5,3.2,6.3,7.2,10.4,0,,6.76,0.321,1.838,1.16,0.219,1.0
request+keepalive20,"chat=True,keepalive_s=20.0",500,awgn,0.0,fading,1,0,30,30,457,457,0,0,0,6.2,10.4,6.7,7.2,10.4,3.2,4.2,0,,7.04,0.304,0.359,0.796,0.775,0.8
handover+request+keepalive20,"chat=True,handover=always,keepalive_s=20.0",500,awgn,0.0,fading,1,0,30,30,457,457,0,0,0,4.1,9.3,4.5,3.2,6.3,7.2,10.4,0,,6.21,0.296,1.212,1.16,0.219,0.8
base,,500,awgn,6.0,fading,1,0,30,30,457,457,0,0,0,7.8,13.1,7.5,8.7,13.5,1.8,2.1,0,,4.72,0.196,1.761,0.796,0.0,0.8
keepalive5,keepalive_s=5.0,500,awgn,6.0,fading,1,0,30,30,457,457,0,0,0,5.8,9.0,5.7,6.5,9.5,1.9,2.3,0,,5.76,0.26,2.954,0.796,0.0,1.0
handover,handover=always,500,awgn,6.0,fading,1,0,30,30,457,457,0,0,0,2.1,9.6,3.4,2.1,3.2,8.8,13.0,0,,4.67,0.234,2.039,1.16,0.0,0.8
handover+keepalive5,"handover=always,keepalive_s=5.0",500,awgn,6.0,fading,1,0,30,30,457,457,0,0,0,2.1,6.9,3.0,2.1,3.2,6.4,9.1,0,,5.6,0.288,3.127,1.16,0.0,1.0
request,chat=True,500,awgn,6.0,fading,1,0,30,30,457,457,0,0,0,3.0,5.1,3.3,4.1,5.1,1.8,2.1,0,,4.42,0.223,1.044,0.796,0.748,0.8
handover+request,"chat=True,handover=always",500,awgn,6.0,fading,1,0,30,30,457,457,0,0,0,2.1,4.1,2.3,2.1,3.2,3.5,5.1,0,,4.58,0.244,1.838,1.16,0.219,0.8
ordinary-handover+request,"chat=True,handover=ordinary",500,awgn,6.0,fading,1,0,30,30,457,457,0,0,0,2.1,4.1,2.3,2.1,3.2,3.5,5.1,0,,4.58,0.244,1.838,1.16,0.219,0.8
request+keepalive20,"chat=True,keepalive_s=20.0",500,awgn,6.0,fading,1,0,30,30,457,457,0,0,0,3.0,5.1,3.2,4.0,5.1,1.1,2.1,0,,3.83,0.194,0.359,0.796,0.775,0.6
handover+request+keepalive20,"chat=True,handover=always,keepalive_s=20.0",500,awgn,6.0,fading,1,0,30,30,457,457,0,0,0,2.1,4.1,2.2,2.1,3.2,3.0,5.1,0,,4.04,0.216,1.212,1.16,0.219,0.7
base,,500,awgn,12.0,fading,1,0,30,30,457,457,0,0,0,6.7,11.9,6.6,7.8,12.4,1.1,2.1,0,,3.76,0.163,1.761,0.796,0.0,0.7
keepalive5,keepalive_s=5.0,500,awgn,12.0,fading,1,0,30,30,457,457,0,0,0,4.7,7.8,4.7,5.5,8.0,1.1,2.1,0,,4.8,0.226,2.954,0.796,0.0,0.9
handover,handover=always,500,awgn,12.0,fading,1,0,30,30,457,457,0,0,0,1.1,8.5,2.7,1.1,2.1,8.1,11.9,0,,3.97,0.206,2.039,1.16,0.0,0.7
handover+keepalive5,"handover=always,keepalive_s=5.0",500,awgn,12.0,fading,1,0,30,30,457,457,0,0,0,1.1,5.9,2.3,1.1,2.1,5.4,8.0,0,,4.92,0.262,3.127,1.16,0.0,1.0
request,chat=True,500,awgn,12.0,fading,1,0,30,30,457,457,0,0,0,2.0,3.2,2.4,2.6,3.4,1.1,1.9,0,,3.45,0.183,1.044,0.796,0.748,0.6
handover+request,"chat=True,handover=always",500,awgn,12.0,fading,1,0,30,30,457,457,0,0,0,1.1,3.0,1.6,1.1,2.1,2.5,3.8,0,,3.9,0.215,1.838,1.16,0.219,0.7
ordinary-handover+request,"chat=True,handover=ordinary",500,awgn,12.0,fading,1,0,30,30,457,457,0,0,0,1.1,3.0,1.6,1.1,2.1,2.5,3.8,0,,3.9,0.215,1.838,1.16,0.219,0.8
request+keepalive20,"chat=True,keepalive_s=20.0",500,awgn,12.0,fading,1,0,30,30,457,457,0,0,0,2.0,3.0,2.3,2.3,3.0,1.1,2.1,0,,2.88,0.153,0.359,0.796,0.775,0.6
handover+request+keepalive20,"chat=True,handover=always,keepalive_s=20.0",500,awgn,12.0,fading,1,0,30,30,457,457,0,0,0,1.1,3.0,1.5,1.1,2.1,2.0,3.0,0,,3.35,0.185,1.212,1.16,0.219,0.7
base,,500,good,-12.0,fading,1,0,30,30,457,455,2,1,0,40.6,64.7,42.0,43.5,67.0,26.8,47.7,0,,43.75,0.746,1.733,0.897,0.0,6.6
keepalive5,keepalive_s=5.0,500,good,-12.0,fading,1,0,30,30,457,457,0,0,0,39.3,63.6,40.9,41.3,64.8,26.8,52.3,0,,46.64,0.812,2.136,0.917,0.0,7.0
handover,handover=always,500,good,-12.0,fading,1,0,30,30,457,420,37,5,0,31.1,55.9,33.8,28.9,53.0,39.4,63.8,0,,41.13,0.878,1.387,1.245,0.0,5.7
handover+keepalive5,"handover=always,keepalive_s=5.0",500,good,-12.0,fading,1,0,30,30,457,445,12,2,0,31.5,56.7,34.3,28.5,53.5,38.5,69.3,0,,44.77,0.9,1.514,1.339,0.0,6.9
request,chat=True,500,good,-12.0,fading,1,0,30,30,457,457,0,0,0,33.2,55.6,36.2,34.4,56.6,26.8,47.1,0,,41.67,0.791,1.02,0.869,0.628,6.7
handover+request,"chat=True,handover=always",500,good,-12.0,fading,1,0,30,30,457,419,38,6,0,28.6,52.0,31.8,27.0,47.7,34.9,62.5,0,,40.25,0.889,1.282,1.284,0.127,6.2
ordinary-handover+request,"chat=True,handover=ordinary",500,good,-12.0,fading,1,0,30,30,457,457,0,0,0,33.2,55.6,36.2,34.4,56.6,26.8,47.1,0,,41.67,0.791,1.02,0.869,0.628,5.8
request+keepalive20,"chat=True,keepalive_s=20.0",500,good,-12.0,fading,1,0,30,30,457,457,0,0,0,33.2,57.7,36.0,34.1,59.2,24.1,50.4,0,,38.53,0.734,0.534,0.915,0.656,5.6
handover+request+keepalive20,"chat=True,handover=always,keepalive_s=20.0",500,good,-12.0,fading,1,0,30,30,457,411,46,7,0,27.9,53.5,32.0,26.8,50.1,36.1,68.1,0,,39.54,0.877,1.085,1.245,0.142,5.2
base,,500,good,-6.0,fading,1,0,30,30,457,417,40,3,0,28.7,43.3,28.9,30.7,44.1,10.7,22.3,0,,27.97,0.667,1.271,0.733,0.0,5.3
keepalive5,keepalive_s=5.0,500,good,-6.0,fading,1,0,30,30,457,415,42,4,0,25.8,40.3,26.7,27.8,42.9,12.5,25.8,0,,29.84,0.752,1.698,0.737,0.0,5.4
handover,handover=always,500,good,-6.0,fading,1,0,30,30,457,420,37,3,0,16.9,34.2,19.7,15.1,27.4,33.0,48.5,0,,27.2,0.809,1.232,1.096,0.0,4.8
handover+keepalive5,"handover=always,keepalive_s=5.0",500,good,-6.0,fading,1,0,30,30,457,426,31,1,1,16.1,30.5,18.2,14.3,25.8,28.2,41.1,0,,28.9,0.841,1.523,1.112,0.0,3.9
request,chat=True,500,good,-6.0,fading,1,0,30,30,457,434,23,2,0,22.5,33.9,22.9,22.5,37.3,10.9,25.3,0,,26.91,0.714,0.737,0.779,0.663,3.9
handover+request,"chat=True,handover=always",500,good,-6.0,fading,1,0,30,30,457,407,50,3,1,16.1,28.5,17.7,14.9,25.9,25.4,38.2,0,,26.38,0.802,1.173,1.07,0.142,3.6
ordinary-handover+request,"chat=True,handover=ordinary",500,good,-6.0,fading,1,0,30,30,457,450,7,1,0,22.5,33.7,22.6,22.5,36.9,10.7,24.9,0,,27.78,0.717,0.698,0.825,0.676,4.9
request+keepalive20,"chat=True,keepalive_s=20.0",500,good,-6.0,fading,1,0,30,30,457,438,19,2,0,22.5,34.9,22.5,22.5,37.4,10.7,20.4,0,,24.78,0.657,0.315,0.799,0.672,4.3
handover+request+keepalive20,"chat=True,handover=always,keepalive_s=20.0",500,good,-6.0,fading,1,0,30,30,457,441,16,1,1,16.1,28.3,17.3,14.9,26.0,22.5,37.5,0,,27.19,0.777,0.926,1.164,0.162,4.4
base,,500,good,0.0,fading,1,0,30,30,457,444,13,1,0,17.7,32.6,18.5,20.2,33.7,6.0,14.8,0,,17.1,0.502,1.969,0.805,0.0,5.8
keepalive5,keepalive_s=5.0,500,good,0.0,fading,1,0,30,30,457,443,14,2,0,15.1,30.4,16.8,18.1,31.1,8.1,15.6,0,,18.63,0.576,2.972,0.807,0.0,6.4
handover,handover=always,500,good,0.0,fading,1,0,30,30,457,444,13,1,0,10.7,26.3,12.4,8.4,17.8,25.3,35.4,0,,18.49,0.657,1.678,1.221,0.0,5.1
handover+keepalive5,"handover=always,keepalive_s=5.0",500,good,0.0,fading,1,0,30,30,457,444,13,1,0,10.1,23.6,12.2,9.0,20.3,20.8,32.0,0,,19.4,0.696,2.389,1.234,0.0,4.2
request,chat=True,500,good,0.0,fading,1,0,30,30,457,444,13,1,0,14.7,27.4,15.4,17.1,27.9,6.7,14.8,0,,17.67,0.57,1.149,0.827,0.685,4.0
handover+request,"chat=True,handover=always",500,good,0.0,fading,1,0,30,30,457,444,13,1,0,9.0,21.1,10.8,7.8,17.3,17.6,28.6,0,,17.0,0.641,1.674,1.221,0.188,3.6
ordinary-handover+request,"chat=True,handover=ordinary",500,good,0.0,fading,1,0,30,30,457,437,20,2,0,10.7,25.1,13.2,10.7,24.8,14.4,25.7,0,,17.84,0.628,1.484,1.138,0.387,3.1
request+keepalive20,"chat=True,keepalive_s=20.0",500,good,0.0,fading,1,0,30,30,457,444,13,1,0,14.2,27.9,15.1,16.4,28.1,5.4,11.6,0,,15.32,0.498,0.516,0.853,0.731,3.1
handover+request+keepalive20,"chat=True,handover=always,keepalive_s=20.0",500,good,0.0,fading,1,0,30,30,457,437,20,2,0,9.5,22.5,11.2,8.4,16.7,17.7,31.0,0,,16.92,0.637,1.074,1.201,0.19,2.9
base,,500,good,6.0,fading,1,0,30,30,457,457,0,0,0,9.7,16.3,9.9,11.3,16.8,3.1,6.4,0,,6.97,0.264,1.818,0.814,0.0,3.0
keepalive5,keepalive_s=5.0,500,good,6.0,fading,1,0,30,30,457,457,0,0,0,7.1,13.0,7.7,7.9,13.7,2.3,5.6,0,,7.82,0.323,3.042,0.807,0.0,3.2
handover,handover=always,500,good,6.0,fading,1,0,30,30,457,457,0,0,0,3.2,12.3,5.4,3.1,8.4,11.1,19.2,0,,7.03,0.32,2.088,1.195,0.0,2.8
handover+keepalive5,"handover=always,keepalive_s=5.0",500,good,6.0,fading,1,0,30,30,457,457,0,0,0,3.2,9.7,4.8,3.1,7.5,8.0,15.6,0,,7.87,0.368,3.16,1.201,0.0,3.6
request,chat=True,500,good,6.0,fading,1,0,30,30,457,457,0,0,0,4.6,10.7,5.7,5.1,11.2,3.1,7.2,0,,6.54,0.295,1.103,0.807,0.735,3.2
handover+request,"chat=True,handover=always",500,good,6.0,fading,1,0,30,30,457,457,0,0,0,3.2,8.1,4.2,3.0,6.5,5.1,12.2,0,,6.81,0.329,1.869,1.193,0.214,3.2
ordinary-handover+request,"chat=True,handover=ordinary",500,good,6.0,fading,1,0,30,30,457,457,0,0,0,3.2,9.3,4.6,3.1,8.3,5.1,12.6,0,,7.14,0.338,1.847,1.179,0.236,2.8
request+keepalive20,"chat=True,keepalive_s=20.0",500,good,6.0,fading,1,0,30,30,457,457,0,0,0,4.6,11.6,6.0,5.1,11.7,3.1,6.3,0,,6.11,0.272,0.425,0.803,0.77,2.4
handover+request+keepalive20,"chat=True,handover=always,keepalive_s=20.0",500,good,6.0,fading,1,0,30,30,457,448,9,1,0,3.2,8.1,4.2,2.8,7.2,5.1,11.4,0,,6.1,0.3,1.219,1.164,0.208,2.4
base,,500,good,12.0,fading,1,0,30,30,457,457,0,0,0,7.3,12.8,7.3,8.4,12.9,1.5,3.2,0,,4.37,0.183,1.781,0.803,0.0,2.5
keepalive5,keepalive_s=5.0,500,good,12.0,fading,1,0,30,30,457,457,0,0,0,5.4,8.9,5.4,5.9,9.0,1.2,5.2,0,,5.43,0.248,2.967,0.796,0.0,2.8
handover,handover=always,500,good,12.0,fading,1,0,30,30,457,457,0,0,0,2.1,9.2,3.5,1.8,5.2,8.2,13.8,0,,4.63,0.231,2.048,1.164,0.0,2.4
handover+keepalive5,"handover=always,keepalive_s=5.0",500,good,12.0,fading,1,0,30,30,457,457,0,0,0,2.1,6.9,3.1,2.1,4.4,6.2,9.6,0,,5.61,0.286,3.136,1.164,0.0,3.0
request,chat=True,500,good,12.0,fading,1,0,30,30,457,457,0,0,0,3.0,5.1,3.0,3.0,5.1,1.4,4.1,0,,4.07,0.208,1.059,0.796,0.746,2.2
handover+request,"chat=True,handover=always",500,good,12.0,fading,1,0,30,30,457,457,0,0,0,2.1,4.2,2.4,2.0,4.0,3.0,5.6,0,,4.58,0.242,1.847,1.164,0.219,2.6
ordinary-handover+request,"chat=True,handover=ordinary",500,good,12.0,fading,1,0,30,30,457,457,0,0,0,2.1,4.2,2.4,2.0,4.0,3.0,5.3,0,,4.57,0.242,1.838,1.16,0.217,2.5
request+keepalive20,"chat=True,keepalive_s=20.0",500,good,12.0,fading,1,0,30,30,457,457,0,0,0,3.0,4.9,3.0,3.0,5.1,1.1,3.8,0,,3.47,0.178,0.357,0.796,0.772,2.0
handover+request+keepalive20,"chat=True,handover=always,keepalive_s=20.0",500,good,12.0,fading,1,0,30,30,457,457,0,0,0,2.1,4.2,2.4,2.0,4.2,3.0,6.2,0,,4.13,0.218,1.217,1.164,0.217,2.1
base,,500,moderate,-12.0,fading,1,0,30,30,457,457,0,0,0,34.5,53.1,35.2,36.6,54.8,21.5,36.4,0,,36.78,0.711,1.328,0.805,0.0,3.7
keepalive5,keepalive_s=5.0,500,moderate,-12.0,fading,1,0,30,30,457,457,0,0,0,32.4,50.7,33.3,33.7,52.4,20.7,40.1,0,,39.35,0.79,1.755,0.81,0.0,3.8
handover,handover=always,500,moderate,-12.0,fading,1,0,30,30,457,457,0,0,0,25.7,43.6,27.0,23.9,41.1,35.5,51.7,0,,36.77,0.844,1.284,1.175,0.0,3.4
handover+keepalive5,"handover=always,keepalive_s=5.0",500,moderate,-12.0,fading,1,0,30,30,457,457,0,0,0,25.9,42.1,26.7,23.9,39.7,33.8,51.5,0,,38.21,0.883,1.473,1.188,0.0,4.4
request,chat=True,500,moderate,-12.0,fading,1,0,30,30,457,457,0,0,0,27.9,43.0,29.1,28.8,43.8,20.3,36.4,0,,34.53,0.757,0.681,0.807,0.698,4.0
handover+request,"chat=True,handover=always",500,moderate,-12.0,fading,1,0,30,30,457,457,0,0,0,24.5,41.6,25.7,22.5,40.0,31.8,46.1,0,,36.42,0.864,1.166,1.197,0.162,4.1
ordinary-handover+request,"chat=True,handover=ordinary",500,moderate,-12.0,fading,1,0,30,30,457,457,0,0,0,27.9,43.0,29.1,28.8,43.8,20.3,36.4,0,,34.53,0.757,0.681,0.807,0.698,3.3
request+keepalive20,"chat=True,keepalive_s=20.0",500,moderate,-12.0,fading,1,0,30,30,457,457,0,0,0,27.9,42.9,28.6,27.9,43.9,20.3,41.3,0,,31.91,0.707,0.284,0.803,0.698,3.0
handover+request+keepalive20,"chat=True,handover=always,keepalive_s=20.0",500,moderate,-12.0,fading,1,0,30,30,457,457,0,0,0,22.5,38.1,24.6,21.5,36.5,27.9,42.8,0,,34.8,0.847,0.904,1.193,0.175,3.2
base,,500,moderate,-6.0,fading,1,0,30,30,457,457,0,0,0,26.9,37.7,25.8,28.6,38.4,10.7,20.3,0,,27.47,0.649,1.298,0.796,0.0,3.3
keepalive5,keepalive_s=5.0,500,moderate,-6.0,fading,1,0,30,30,457,457,0,0,0,23.9,34.1,23.9,25.7,35.4,10.7,20.3,0,,30.18,0.748,1.713,0.796,0.0,3.4
handover,handover=always,500,moderate,-6.0,fading,1,0,30,30,457,457,0,0,0,14.9,30.7,16.8,12.0,22.4,28.6,39.3,0,,26.62,0.799,1.258,1.16,0.0,2.9
handover+keepalive5,"handover=always,keepalive_s=5.0",500,moderate,-6.0,fading,1,0,30,30,457,457,0,0,0,15.2,27.9,16.8,12.7,24.0,27.5,37.0,0,,28.36,0.852,1.438,1.16,0.0,3.1
request,chat=True,500,moderate,-6.0,fading,1,0,30,30,457,457,0,0,0,18.9,27.9,19.5,22.5,29.3,10.7,20.3,0,,25.24,0.701,0.648,0.796,0.707,2.9
handover+request,"chat=True,handover=always",500,moderate,-6.0,fading,1,0,30,30,457,457,0,0,0,14.9,25.8,15.7,12.6,22.2,22.7,33.1,0,,26.55,0.823,1.12,1.16,0.164,2.9
ordinary-handover+request,"chat=True,handover=ordinary",500,moderate,-6.0,fading,1,0,30,30,457,457,0,0,0,18.9,27.9,19.5,22.5,29.3,10.7,20.3,0,,25.24,0.701,0.648,0.796,0.707,3.0
request+keepalive20,"chat=True,keepalive_s=20.0",500,moderate,-6.0,fading,1,0,30,30,457,457,0,0,0,17.6,27.9,19.5,22.5,27.9,10.7,17.4,0,,22.86,0.634,0.278,0.796,0.7,2.8
handover+request+keepalive20,"chat=True,handover=always,keepalive_s=20.0",500,moderate,-6.0,fading,1,0,30,30,457,457,0,0,0,11.8,25.7,14.4,10.7,21.5,22.5,31.3,0,,24.75,0.799,0.873,1.16,0.177,2.8
base,,500,moderate,0.0,fading,1,0,30,30,457,457,0,0,0,21.0,35.4,21.3,23.9,36.7,6.4,14.9,0,,20.46,0.541,1.81,0.88,0.0,3.3
keepalive5,keepalive_s=5.0,500,moderate,0.0,fading,1,0,30,30,457,457,0,0,0,19.5,32.5,19.6,22.5,33.0,7.4,14.5,0,,22.7,0.628,2.56,0.891,0.0,3.7
handover,handover=always,500,moderate,0.0,fading,1,0,30,30,457,455,2,1,0,11.2,27.5,14.0,10.7,20.3,26.0,36.1,0,,21.12,0.693,1.687,1.304,0.0,2.9
handover+keepalive5,"handover=always,keepalive_s=5.0",500,moderate,0.0,fading,1,0,30,30,457,430,27,3,0,11.0,26.7,13.8,10.7,18.5,24.7,34.3,0,,21.17,0.732,2.083,1.263,0.0,3.8
request,chat=True,500,moderate,0.0,fading,1,0,30,30,457,457,0,0,0,17.1,27.9,16.9,17.5,28.6,8.4,16.5,0,,19.55,0.585,1.171,0.906,0.707,3.9
handover+request,"chat=True,handover=always",500,moderate,0.0,fading,1,0,30,30,457,451,6,1,0,10.7,23.1,12.5,10.5,17.7,20.9,28.1,0,,20.38,0.712,1.457,1.295,0.188,3.5
ordinary-handover+request,"chat=True,handover=ordinary",500,moderate,0.0,fading,1,0,30,30,457,456,1,1,0,13.5,27.9,14.9,12.6,27.6,14.6,30.5,0,,20.9,0.665,1.527,1.271,0.398,2.7
request+keepalive20,"chat=True,keepalive_s=20.0",500,moderate,0.0,fading,1,0,30,30,457,446,11,1,0,17.1,28.6,17.5,18.5,29.5,8.3,13.7,0,,18.05,0.543,0.477,0.899,0.711,2.6
handover+request+keepalive20,"chat=True,handover=always,keepalive_s=20.0",500,moderate,0.0,fading,1,0,30,30,457,447,10,2,0,10.7,22.9,12.6,10.7,18.0,19.7,27.9,0,,19.8,0.691,1.094,1.309,0.197,2.5
base,,500,moderate,6.0,fading,1,0,30,30,457,457,0,0,0,9.8,17.3,10.3,11.1,17.7,3.2,5.7,0,,7.37,0.275,1.775,0.823,0.0,3.0
keepalive5,keepalive_s=5.0,500,moderate,6.0,fading,1,0,30,30,457,457,0,0,0,7.5,13.5,8.2,8.5,14.1,3.2,6.3,0,,8.32,0.336,2.943,0.818,0.0,3.3
handover,handover=always,500,moderate,6.0,fading,1,0,30,30,457,457,0,0,0,4.2,11.4,5.4,3.2,6.7,10.7,18.8,0,,6.75,0.308,2.046,1.188,0.0,2.8
handover+keepalive5,"handover=always,keepalive_s=5.0",500,moderate,6.0,fading,1,0,30,30,457,457,0,0,0,4.2,9.3,4.8,3.2,6.3,9.1,13.8,0,,7.62,0.357,3.147,1.197,0.0,2.9
request,chat=True,500,moderate,6.0,fading,1,0,30,30,457,457,0,0,0,5.1,10.4,6.0,5.1,11.4,3.2,5.6,0,,6.85,0.305,1.053,0.814,0.74,2.4
handover+request,"chat=True,handover=always",500,moderate,6.0,fading,1,0,30,30,457,457,0,0,0,3.2,7.2,4.0,3.2,6.3,5.1,11.3,0,,6.18,0.301,1.871,1.206,0.214,2.6
ordinary-handover+request,"chat=True,handover=ordinary",500,moderate,6.0,fading,1,0,30,30,457,457,0,0,0,3.2,7.2,4.0,3.2,6.3,5.1,11.3,0,,6.18,0.301,1.871,1.206,0.214,2.4
request+keepalive20,"chat=True,keepalive_s=20.0",500,moderate,6.0,fading,1,0,30,30,457,457,0,0,0,5.1,11.4,6.2,5.1,11.4,3.2,6.1,0,,6.47,0.285,0.396,0.812,0.764,2.0
handover+request+keepalive20,"chat=True,handover=always,keepalive_s=20.0",500,moderate,6.0,fading,1,0,30,30,457,436,21,2,0,3.2,6.3,4.1,3.2,6.2,5.1,13.0,0,,5.75,0.291,1.23,1.171,0.201,2.0
base,,500,moderate,12.0,fading,1,0,30,30,457,457,0,0,0,7.3,12.6,7.4,8.4,12.8,2.1,4.2,0,,4.42,0.185,1.764,0.796,0.0,2.8
keepalive5,keepalive_s=5.0,500,moderate,12.0,fading,1,0,30,30,457,457,0,0,0,5.5,8.4,5.3,6.1,8.6,2.1,4.2,0,,5.33,0.244,2.954,0.796,0.0,3.2
handover,handover=always,500,moderate,12.0,fading,1,0,30,30,457,457,0,0,0,2.1,8.7,3.5,2.1,4.2,8.2,12.1,0,,4.57,0.228,2.039,1.16,0.0,2.7
handover+keepalive5,"handover=always,keepalive_s=5.0",500,moderate,12.0,fading,1,0,30,30,457,457,0,0,0,2.1,6.6,3.0,2.1,4.2,6.1,8.6,0,,5.51,0.282,3.136,1.16,0.0,2.3
request,chat=True,500,moderate,12.0,fading,1,0,30,30,457,457,0,0,0,3.0,5.1,3.0,3.0,5.1,1.1,4.2,0,,4.01,0.205,1.048,0.799,0.748,1.7
handover+request,"chat=True,handover=always",500,moderate,12.0,fading,1,0,30,30,457,457,0,0,0,2.1,4.2,2.3,2.1,3.6,3.0,5.1,0,,4.5,0.239,1.836,1.16,0.221,1.8
ordinary-handover+request,"chat=True,handover=ordinary",500,moderate,12.0,fading,1,0,30,30,457,457,0,0,0,2.1,4.2,2.3,2.1,3.6,3.0,5.1,0,,4.5,0.239,1.836,1.16,0.221,1.8
request+keepalive20,"chat=True,keepalive_s=20.0",500,moderate,12.0,fading,1,0,30,30,457,457,0,0,0,3.0,4.4,2.9,3.0,5.1,2.1,3.1,0,,3.4,0.175,0.359,0.796,0.775,1.4
handover+request+keepalive20,"chat=True,handover=always,keepalive_s=20.0",500,moderate,12.0,fading,1,0,30,30,457,457,0,0,0,2.1,4.2,2.3,2.1,4.2,3.0,5.1,0,,4.01,0.213,1.212,1.162,0.219,1.5
base,,500,poor,-12.0,fading,1,0,30,30,457,457,0,0,0,32.3,49.3,33.2,35.2,51.7,20.3,31.0,0,,34.77,0.699,1.298,0.796,0.0,4.3
keepalive5,keepalive_s=5.0,500,poor,-12.0,fading,1,0,30,30,457,457,0,0,0,30.8,44.8,31.2,32.5,47.1,19.8,36.4,0,,37.33,0.783,1.716,0.796,0.0,4.5
handover,handover=always,500,poor,-12.0,fading,1,0,30,30,457,457,0,0,0,25.1,41.2,25.6,21.9,36.6,34.7,47.9,0,,35.32,0.838,1.258,1.16,0.0,4.1
handover+keepalive5,"handover=always,keepalive_s=5.0",500,poor,-12.0,fading,1,0,30,30,457,457,0,0,0,24.4,38.6,25.0,21.6,37.3,33.3,44.9,0,,36.53,0.879,1.438,1.16,0.0,3.7
request,chat=True,500,poor,-12.0,fading,1,0,30,30,457,457,0,0,0,26.8,42.8,27.3,27.9,42.8,20.3,31.0,0,,32.87,0.751,0.646,0.796,0.707,3.4
handover+request,"chat=True,handover=always",500,poor,-12.0,fading,1,0,30,30,457,457,0,0,0,22.5,36.4,23.9,21.5,36.4,28.1,42.8,0,,34.65,0.856,1.118,1.162,0.164,3.3
ordinary-handover+request,"chat=True,handover=ordinary",500,poor,-12.0,fading,1,0,30,30,457,457,0,0,0,26.8,42.8,27.3,27.9,42.8,20.3,31.0,0,,32.87,0.751,0.646,0.796,0.707,4.3
request+keepalive20,"chat=True,keepalive_s=20.0",500,poor,-12.0,fading,1,0,30,30,457,457,0,0,0,26.7,42.8,27.2,27.9,42.8,18.1,35.4,0,,30.34,0.694,0.276,0.796,0.7,4.1
handover+request+keepalive20,"chat=True,handover=always,keepalive_s=20.0",500,poor,-12.0,fading,1,0,30,30,457,457,0,0,0,21.5,36.4,23.1,21.5,36.4,27.9,42.8,0,,33.32,0.84,0.873,1.162,0.177,4.3
base,,500,poor,-6.0,fading,1,0,30,30,457,457,0,0,0,26.8,37.6,25.4,28.4,38.5,10.7,20.3,0,,27.11,0.647,1.298,0.796,0.0,3.4
keepalive5,keepalive_s=5.0,500,poor,-6.0,fading,1,0,30,30,457,457,0,0,0,23.9,33.8,23.6,25.7,34.2,10.7,20.3,0,,29.9,0.746,1.713,0.796,0.0,3.4
handover,handover=always,500,poor,-6.0,fading,1,0,30,30,457,457,0,0,0,14.5,31.1,16.6,11.6,23.1,30.0,38.9,0,,26.41,0.798,1.258,1.16,0.0,2.9
handover+keepalive5,"handover=always,keepalive_s=5.0",500,poor,-6.0,fading,1,0,30,30,457,457,0,0,0,15.1,27.9,16.4,12.1,22.5,27.5,37.2,0,,28.02,0.851,1.438,1.16,0.0,3.8
request,chat=True,500,poor,-6.0,fading,1,0,30,30,457,457,0,0,0,18.6,27.9,19.3,22.5,28.7,10.7,20.3,0,,25.11,0.7,0.648,0.796,0.707,3.6
handover+request,"chat=True,handover=always",500,poor,-6.0,fading,1,0,30,30,457,457,0,0,0,14.9,25.7,15.4,12.6,21.5,22.7,31.1,0,,26.2,0.821,1.12,1.16,0.164,3.7
ordinary-handover+request,"chat=True,handover=ordinary",500,poor,-6.0,fading,1,0,30,30,457,457,0,0,0,18.6,27.9,19.3,22.5,28.7,10.7,20.3,0,,25.11,0.7,0.648,0.796,0.707,3.9
request+keepalive20,"chat=True,keepalive_s=20.0",500,poor,-6.0,fading,1,0,30,30,457,457,0,0,0,17.6,27.9,19.2,22.5,27.9,10.7,19.9,0,,22.56,0.631,0.278,0.796,0.7,3.5
handover+request+keepalive20,"chat=True,handover=always,keepalive_s=20.0",500,poor,-6.0,fading,1,0,30,30,457,457,0,0,0,12.9,22.6,14.2,10.7,20.3,22.1,28.0,0,,24.49,0.798,0.873,1.16,0.177,3.6
base,,500,poor,0.0,fading,1,0,30,30,457,441,16,1,0,17.3,32.9,18.6,20.5,34.2,6.3,11.5,0,,16.69,0.492,1.845,0.882,0.0,4.9
keepalive5,keepalive_s=5.0,500,poor,0.0,fading,1,0,30,30,457,450,7,1,0,15.0,30.1,16.2,16.9,31.2,6.0,12.7,0,,17.58,0.545,2.877,0.95,0.0,5.7
handover,handover=always,500,poor,0.0,fading,1,0,30,30,457,419,38,3,0,10.1,25.9,12.6,8.4,18.8,24.2,35.8,0,,16.6,0.62,1.847,1.33,0.0,4.5
handover+keepalive5,"handover=always,keepalive_s=5.0",500,poor,0.0,fading,1,0,30,30,457,457,0,0,0,10.5,22.8,12.0,8.9,17.1,19.2,29.5,0,,19.56,0.686,2.416,1.407,0.0,5.1
request,chat=True,500,poor,0.0,fading,1,0,30,30,457,451,6,1,0,12.8,26.1,14.4,15.7,27.5,5.8,11.3,0,,16.01,0.524,1.201,0.934,0.726,4.9
handover+request,"chat=True,handover=always",500,poor,0.0,fading,1,0,30,30,457,433,24,2,0,9.8,22.5,11.3,8.4,17.6,17.1,29.4,0,,17.19,0.653,1.611,1.359,0.186,4.5
ordinary-handover+request,"chat=True,handover=ordinary",500,poor,0.0,fading,1,0,30,30,457,439,18,1,0,10.8,24.9,13.1,10.7,24.5,13.5,26.7,0,,17.99,0.631,1.602,1.298,0.33,4.2
request+keepalive20,"chat=True,keepalive_s=20.0",500,poor,0.0,fading,1,0,30,30,457,457,0,0,0,14.4,27.9,15.6,17.0,28.6,6.3,12.6,0,,15.91,0.495,0.486,0.937,0.735,4.1
handover+request+keepalive20,"chat=True,handover=always,keepalive_s=20.0",500,poor,0.0,fading,1,0,30,30,457,442,15,2,0,10.0,20.7,11.1,8.4,17.9,16.9,25.1,0,,16.55,0.618,1.101,1.361,0.179,4.0
base,,500,poor,6.0,fading,1,0,30,30,457,457,0,0,0,8.8,15.0,8.9,10.1,15.4,3.1,5.3,0,,5.97,0.235,1.764,0.812,0.0,3.6
keepalive5,keepalive_s=5.0,500,poor,6.0,fading,1,0,30,30,457,457,0,0,0,6.7,11.5,6.9,7.6,11.9,3.1,5.3,0,,6.89,0.294,2.985,0.805,0.0,4.2
handover,handover=always,500,poor,6.0,fading,1,0,30,30,457,457,0,0,0,3.2,10.1,4.6,3.2,5.3,9.8,15.0,0,,5.87,0.278,2.048,1.186,0.0,3.5
handover+keepalive5,"handover=always,keepalive_s=5.0",500,poor,6.0,fading,1,0,30,30,457,457,0,0,0,3.2,8.0,4.1,3.2,5.3,7.7,10.7,0,,6.76,0.328,3.147,1.184,0.0,4.1
request,chat=True,500,poor,6.0,fading,1,0,30,30,457,457,0,0,0,4.1,7.7,4.7,4.1,9.1,2.8,5.0,0,,5.56,0.262,1.05,0.821,0.748,3.4
handover+request,"chat=True,handover=always",500,poor,6.0,fading,1,0,30,30,457,457,0,0,0,3.2,6.3,3.7,3.2,5.3,5.1,9.6,0,,5.96,0.294,1.849,1.188,0.219,3.5
ordinary-handover+request,"chat=True,handover=ordinary",500,poor,6.0,fading,1,0,30,30,457,457,0,0,0,3.2,6.3,3.7,3.2,5.3,5.1,9.6,0,,5.96,0.294,1.849,1.188,0.219,3.0
request+keepalive20,"chat=True,keepalive_s=20.0",500,poor,6.0,fading,1,0,30,30,457,457,0,0,0,4.1,9.3,5.0,4.8,9.3,3.1,5.3,0,,5.27,0.245,0.381,0.807,0.772,2.4
handover+request+keepalive20,"chat=True,handover=always,keepalive_s=20.0",500,poor,6.0,fading,1,0,30,30,457,436,21,2,0,3.2,6.2,3.7,3.1,5.3,5.1,11.5,0,,5.06,0.262,1.19,1.151,0.208,2.6
base,,500,poor,12.0,fading,1,0,30,30,457,457,0,0,0,7.1,12.4,7.0,8.0,12.6,1.1,3.1,0,,4.11,0.175,1.761,0.796,0.0,2.9
keepalive5,keepalive_s=5.0,500,poor,12.0,fading,1,0,30,30,457,457,0,0,0,4.9,8.4,5.0,5.8,8.6,1.1,3.2,0,,5.11,0.237,2.954,0.796,0.0,3.1
handover,handover=always,500,poor,12.0,fading,1,0,30,30,457,457,0,0,0,2.1,8.8,3.3,1.9,4.2,8.2,11.9,0,,4.49,0.226,2.037,1.162,0.0,2.8
handover+keepalive5,"handover=always,keepalive_s=5.0",500,poor,12.0,fading,1,0,30,30,457,457,0,0,0,2.1,6.0,2.9,2.0,4.1,5.7,8.3,0,,5.44,0.281,3.125,1.162,0.0,3.4
request,chat=True,500,poor,12.0,fading,1,0,30,30,457,457,0,0,0,3.0,4.1,2.8,3.0,4.3,1.4,3.1,0,,3.84,0.199,1.044,0.796,0.746,2.5
handover+request,"chat=True,handover=always",500,poor,12.0,fading,1,0,30,30,457,457,0,0,0,2.1,4.1,2.2,1.9,4.0,3.0,4.4,0,,4.41,0.236,1.838,1.16,0.219,2.8
ordinary-handover+request,"chat=True,handover=ordinary",500,poor,12.0,fading,1,0,30,30,457,457,0,0,0,2.1,4.1,2.2,1.9,4.0,3.0,4.4,0,,4.41,0.236,1.838,1.16,0.219,2.6
request+keepalive20,"chat=True,keepalive_s=20.0",500,poor,12.0,fading,1,0,30,30,457,457,0,0,0,3.0,4.1,2.6,3.0,4.1,1.1,3.1,0,,3.19,0.166,0.361,0.796,0.772,2.0
handover+request+keepalive20,"chat=True,handover=always,keepalive_s=20.0",500,poor,12.0,fading,1,0,30,30,457,457,0,0,0,2.1,3.4,2.1,1.5,3.2,3.0,4.1,0,,3.88,0.208,1.212,1.16,0.219,2.2
request-without-hold,"chat=True,hold=False",2300,awgn,-12.0,fading,1,0,30,30,457,457,0,0,0,27.9,44.5,27.2,29.9,44.9,10.7,16.1,0,,32.44,0.741,0.963,0.796,0.707,1.3
request-without-hold,"chat=True,hold=False",2300,awgn,-6.0,fading,1,0,30,30,457,457,0,0,0,14.5,25.3,15.5,17.1,28.1,5.4,9.6,0,,20.83,0.65,0.963,0.796,0.707,1.0
request-without-hold,"chat=True,hold=False",2300,awgn,0.0,fading,1,0,30,30,457,457,0,0,0,3.0,4.5,3.4,3.0,4.6,2.1,3.2,0,,4.6,0.231,1.074,0.796,0.748,1.2
request-without-hold,"chat=True,hold=False",2300,awgn,6.0,fading,1,0,30,30,457,457,0,0,0,2.0,3.4,2.4,2.6,3.6,1.1,1.2,0,,3.47,0.183,1.07,0.796,0.748,1.1
request-without-hold,"chat=True,hold=False",2300,awgn,12.0,fading,1,0,30,30,457,457,0,0,0,2.0,2.5,2.0,2.0,2.7,1.1,1.1,0,,3.05,0.165,1.07,0.796,0.748,1.1
request-without-hold,"chat=True,hold=False",2300,good,-12.0,fading,1,0,30,30,457,457,0,0,0,34.4,59.9,38.1,37.0,63.6,26.8,47.1,0,,42.97,0.787,1.315,0.888,0.648,9.9
request-without-hold,"chat=True,hold=False",2300,good,-6.0,fading,1,0,30,30,457,429,28,2,0,17.6,33.1,20.2,21.1,33.9,7.5,16.3,0,,23.85,0.691,0.954,0.755,0.659,6.3
request-without-hold,"chat=True,hold=False",2300,good,0.0,fading,1,0,30,30,457,457,0,0,0,8.1,19.7,10.0,10.7,20.0,5.3,8.3,0,,12.59,0.474,1.221,0.807,0.711,5.6
request-without-hold,"chat=True,hold=False",2300,good,6.0,fading,1,0,30,30,457,457,0,0,0,3.0,4.6,3.0,3.0,4.8,1.1,3.1,0,,3.97,0.203,1.081,0.799,0.753,4.5
request-without-hold,"chat=True,hold=False",2300,good,12.0,fading,1,0,30,30,457,457,0,0,0,2.0,3.5,2.2,2.0,4.0,1.1,3.1,0,,3.24,0.173,1.07,0.796,0.748,3.9
request-without-hold,"chat=True,hold=False",2300,moderate,-12.0,fading,1,0,30,30,457,457,0,0,0,30.2,45.6,30.7,32.1,46.5,17.0,36.4,0,,35.72,0.756,1.022,0.814,0.696,5.8
request-without-hold,"chat=True,hold=False",2300,moderate,-6.0,fading,1,0,30,30,457,457,0,0,0,17.1,27.5,16.5,17.1,28.8,5.4,14.9,0,,21.8,0.659,0.963,0.796,0.707,3.9
request-without-hold,"chat=True,hold=False",2300,moderate,0.0,fading,1,0,30,30,457,457,0,0,0,6.3,17.9,8.9,7.4,19.5,5.1,6.3,0,,10.86,0.427,1.127,0.838,0.74,3.9
request-without-hold,"chat=True,hold=False",2300,moderate,6.0,fading,1,0,30,30,457,457,0,0,0,3.0,4.2,2.9,3.0,4.5,1.1,3.1,0,,3.89,0.2,1.074,0.799,0.751,3.1
request-without-hold,"chat=True,hold=False",2300,moderate,12.0,fading,1,0,30,30,457,457,0,0,0,2.0,3.1,2.1,2.0,3.4,1.1,3.1,0,,3.15,0.169,1.07,0.796,0.748,3.0
request-without-hold,"chat=True,hold=False",2300,poor,-12.0,fading,1,0,30,30,457,457,0,0,0,27.9,44.7,28.5,30.0,45.0,16.1,29.4,0,,33.59,0.746,0.969,0.799,0.707,5.8
request-without-hold,"chat=True,hold=False",2300,poor,-6.0,fading,1,0,30,30,457,457,0,0,0,17.1,28.7,17.2,17.2,29.1,5.6,15.0,0,,22.47,0.666,0.963,0.796,0.707,4.4
request-without-hold,"chat=True,hold=False",2300,poor,0.0,fading,1,0,30,30,457,457,0,0,0,6.1,16.4,7.8,6.3,17.2,3.9,5.9,0,,9.13,0.376,1.182,0.867,0.751,4.3
request-without-hold,"chat=True,hold=False",2300,poor,6.0,fading,1,0,30,30,457,457,0,0,0,3.0,4.1,2.7,3.0,4.1,1.1,3.1,0,,3.78,0.196,1.072,0.796,0.751,3.4
request-without-hold,"chat=True,hold=False",2300,poor,12.0,fading,1,0,30,30,457,457,0,0,0,2.0,3.2,2.2,2.0,3.4,1.1,3.1,0,,3.22,0.172,1.07,0.796,0.748,2.8
request-without-hold,"chat=True,hold=False",500,awgn,-12.0,fading,1,0,30,30,457,457,0,0,0,27.9,44.5,27.7,29.9,44.9,14.2,21.5,0,,32.94,0.744,0.963,0.796,0.707,1.5
request-without-hold,"chat=True,hold=False",500,awgn,-6.0,fading,1,0,30,30,457,457,0,0,0,20.6,32.8,20.8,22.5,34.3,9.6,10.9,0,,26.08,0.699,0.963,0.796,0.707,1.2
request-without-hold,"chat=True,hold=False",500,awgn,0.0,fading,1,0,30,30,457,457,0,0,0,6.7,10.4,6.8,7.2,10.4,3.2,4.2,0,,7.66,0.328,1.07,0.796,0.748,1.5
request-without-hold,"chat=True,hold=False",500,awgn,6.0,fading,1,0,30,30,457,457,0,0,0,3.0,5.1,3.4,4.1,5.1,1.8,2.1,0,,4.43,0.223,1.07,0.796,0.748,1.2
request-without-hold,"chat=True,hold=False",500,awgn,12.0,fading,1,0,30,30,457,457,0,0,0,2.0,3.4,2.4,3.0,3.5,1.1,1.9,0,,3.47,0.183,1.07,0.796,0.748,1.0
request-without-hold,"chat=True,hold=False",500,good,-12.0,fading,1,0,30,30,457,457,0,0,0,34.2,60.3,37.7,37.4,63.6,22.1,47.1,0,,42.59,0.786,1.298,0.884,0.641,9.8
request-without-hold,"chat=True,hold=False",500,good,-6.0,fading,1,0,30,30,457,434,23,2,0,22.5,38.3,24.8,25.3,41.1,11.2,25.3,0,,28.33,0.717,0.998,0.77,0.659,6.8
request-without-hold,"chat=True,hold=False",500,good,0.0,fading,1,0,30,30,457,440,17,2,0,15.6,29.4,16.4,17.1,31.6,6.7,12.8,0,,18.37,0.577,1.363,0.807,0.689,6.6
request-without-hold,"chat=True,hold=False",500,good,6.0,fading,1,0,30,30,457,457,0,0,0,4.6,11.2,5.9,5.1,11.9,2.7,7.2,0,,6.87,0.306,1.129,0.803,0.737,5.1
request-without-hold,"chat=True,hold=False",500,good,12.0,fading,1,0,30,30,457,457,0,0,0,3.0,5.1,3.1,3.0,5.1,1.6,4.2,0,,4.13,0.21,1.094,0.796,0.744,4.5
request-without-hold,"chat=True,hold=False",500,moderate,-12.0,fading,1,0,30,30,457,457,0,0,0,30.0,46.2,31.0,32.1,46.9,20.3,36.8,0,,35.97,0.757,1.02,0.81,0.694,6.1
request-without-hold,"chat=True,hold=False",500,moderate,-6.0,fading,1,0,30,30,457,457,0,0,0,22.5,34.3,21.9,22.5,35.2,10.7,20.3,0,,27.11,0.706,0.963,0.796,0.707,4.9
request-without-hold,"chat=True,hold=False",500,moderate,0.0,fading,1,0,30,30,457,457,0,0,0,17.0,29.8,17.4,17.8,30.7,8.1,15.6,0,,19.92,0.586,1.324,0.895,0.707,5.2
request-without-hold,"chat=True,hold=False",500,moderate,6.0,fading,1,0,30,30,457,457,0,0,0,5.1,11.4,6.1,5.5,11.6,3.2,6.2,0,,6.96,0.307,1.112,0.816,0.74,3.8
request-without-hold,"chat=True,hold=False",500,moderate,12.0,fading,1,0,30,30,457,457,0,0,0,3.0,5.1,3.0,3.0,5.1,1.1,4.2,0,,4.01,0.205,1.072,0.796,0.748,3.0
request-without-hold,"chat=True,hold=False",500,poor,-12.0,fading,1,0,30,30,457,457,0,0,0,27.9,44.8,29.3,29.9,45.2,20.3,36.3,0,,34.36,0.75,0.969,0.799,0.707,5.2
request-without-hold,"chat=True,hold=False",500,poor,-6.0,fading,1,0,30,30,457,457,0,0,0,21.2,34.0,21.3,22.5,34.5,9.8,20.3,0,,26.59,0.703,0.963,0.796,0.707,4.3
request-without-hold,"chat=True,hold=False",500,poor,0.0,fading,1,0,30,30,457,439,18,1,0,13.3,27.7,15.0,16.3,28.3,5.4,11.6,0,,16.02,0.53,1.311,0.919,0.689,4.5
request-without-hold,"chat=True,hold=False",500,poor,6.0,fading,1,0,30,30,457,457,0,0,0,4.1,8.0,4.7,4.1,9.1,2.3,4.2,0,,5.54,0.262,1.079,0.821,0.751,3.3
request-without-hold,"chat=True,hold=False",500,poor,12.0,fading,1,0,30,30,457,457,0,0,0,3.0,4.1,2.8,3.0,4.3,1.6,3.1,0,,3.84,0.199,1.07,0.799,0.746,2.1
base,,2300,good,-12.0,fading,1,100,100,100,1534,1527,7,1,0,40.9,66.1,42.8,43.9,69.1,26.8,47.6,0,,44.27,0.752,1.711,0.901,0.0,49.6
request,chat=True,2300,good,-12.0,fading,1,100,100,100,1534,1534,0,0,0,33.2,58.2,36.3,34.1,59.2,25.7,47.9,0,,41.71,0.792,0.978,0.886,0.62,45.1
request-without-hold,"chat=True,hold=False",2300,good,-12.0,fading,1,100,100,100,1534,1526,8,1,0,35.2,61.6,38.2,37.8,64.1,25.7,47.1,0,,42.95,0.789,1.276,0.9,0.613,46.2
request+keepalive20,"chat=True,keepalive_s=20.0",2300,good,-12.0,fading,1,100,100,100,1534,1498,36,4,0,33.2,59.3,36.4,35.0,62.0,22.1,44.4,0,,38.83,0.748,0.473,0.89,0.61,42.5
handover+request,"chat=True,handover=always",2300,good,-12.0,fading,1,100,100,100,1534,1373,161,24,0,29.2,53.4,32.1,27.6,51.4,36.7,59.2,0,,39.82,0.893,1.299,1.272,0.123,37.5
ordinary-handover+request,"chat=True,handover=ordinary",2300,good,-12.0,fading,1,100,100,100,1534,1534,0,0,0,33.2,58.2,36.3,34.1,59.2,25.7,47.9,0,,41.71,0.792,0.978,0.886,0.62,41.8
base,,2300,good,-6.0,fading,1,100,100,100,1534,1518,16,1,0,23.9,36.7,23.7,26.0,38.1,7.7,17.0,0,,25.2,0.635,1.292,0.788,0.0,29.2
request,chat=True,2300,good,-6.0,fading,1,100,100,100,1534,1534,0,0,0,17.1,28.3,18.1,17.2,30.9,6.6,16.1,0,,23.72,0.687,0.669,0.8,0.699,26.4
request-without-hold,"chat=True,hold=False",2300,good,-6.0,fading,1,100,100,100,1534,1534,0,0,0,17.2,32.4,19.8,20.2,33.8,7.2,16.1,0,,25.03,0.691,0.959,0.799,0.696,28.5
request+keepalive20,"chat=True,keepalive_s=20.0",2300,good,-6.0,fading,1,100,100,100,1534,1534,0,0,0,17.1,27.9,18.1,17.2,30.1,5.4,16.1,0,,21.21,0.615,0.298,0.802,0.678,25.1
handover+request,"chat=True,handover=always",2300,good,-6.0,fading,1,100,100,100,1534,1532,2,1,0,11.8,23.4,13.6,10.7,21.2,19.3,31.2,0,,24.5,0.815,1.138,1.177,0.15,26.0
ordinary-handover+request,"chat=True,handover=ordinary",2300,good,-6.0,fading,1,100,100,100,1534,1534,0,0,0,17.1,28.5,18.1,17.2,31.0,6.6,16.1,0,,23.73,0.687,0.666,0.804,0.697,27.3
base,,2300,good,0.0,fading,1,100,100,100,1534,1534,0,0,0,12.3,24.6,13.4,14.0,25.7,5.3,8.1,0,,12.44,0.418,1.696,0.797,0.0,27.0
request,chat=True,2300,good,0.0,fading,1,100,100,100,1534,1534,0,0,0,7.7,17.2,9.3,10.0,17.3,5.4,10.0,0,,12.05,0.469,1.007,0.806,0.722,24.7
request-without-hold,"chat=True,hold=False",2300,good,0.0,fading,1,100,100,100,1534,1534,0,0,0,8.2,19.7,10.1,11.0,22.3,5.3,9.8,0,,12.73,0.48,1.141,0.808,0.718,25.5
request+keepalive20,"chat=True,keepalive_s=20.0",2300,good,0.0,fading,1,100,100,100,1534,1534,0,0,0,8.2,17.2,9.4,10.1,17.2,5.3,8.4,0,,10.87,0.421,0.392,0.806,0.731,23.0
handover+request,"chat=True,handover=always",2300,good,0.0,fading,1,100,100,100,1534,1534,0,0,0,5.5,14.4,7.5,5.4,11.5,11.8,20.1,0,,14.67,0.613,1.505,1.194,0.181,24.9
ordinary-handover+request,"chat=True,handover=ordinary",2300,good,0.0,fading,1,100,100,100,1534,1531,3,1,0,8.4,17.2,9.6,8.6,17.2,7.7,18.1,0,,15.08,0.581,1.289,1.061,0.4,24.7
base,,2300,moderate,-12.0,fading,1,100,100,100,1534,1534,0,0,0,34.1,51.7,34.4,36.5,53.4,20.2,36.4,0,,36.11,0.71,1.308,0.8,0.0,29.9
request,chat=True,2300,moderate,-12.0,fading,1,100,100,100,1534,1534,0,0,0,27.9,42.8,28.6,27.9,44.0,18.6,36.4,0,,34.07,0.757,0.679,0.801,0.692,27.3
request-without-hold,"chat=True,hold=False",2300,moderate,-12.0,fading,1,100,100,100,1534,1534,0,0,0,28.9,45.9,30.6,31.0,47.9,20.3,36.4,0,,35.57,0.757,0.969,0.802,0.686,28.2
request+keepalive20,"chat=True,keepalive_s=20.0",2300,moderate,-12.0,fading,1,100,100,100,1534,1534,0,0,0,27.9,43.4,28.7,27.9,45.0,17.9,36.4,0,,31.75,0.703,0.299,0.797,0.679,25.5
handover+request,"chat=True,handover=always",2300,moderate,-12.0,fading,1,100,100,100,1534,1533,1,1,0,23.3,40.3,24.9,21.5,37.5,32.4,46.0,0,,35.64,0.863,1.144,1.189,0.145,27.2
ordinary-handover+request,"chat=True,handover=ordinary",2300,moderate,-12.0,fading,1,100,100,100,1534,1534,0,0,0,27.9,42.8,28.6,27.9,44.0,18.6,36.4,0,,34.07,0.757,0.679,0.801,0.692,27.0
base,,2300,moderate,-6.0,fading,1,100,100,100,1534,1534,0,0,0,21.7,30.3,20.7,23.3,31.2,5.5,14.9,0,,22.44,0.605,1.272,0.787,0.0,20.3
request,chat=True,2300,moderate,-6.0,fading,1,100,100,100,1534,1534,0,0,0,14.9,21.4,14.7,17.1,22.5,5.4,14.9,0,,20.37,0.655,0.638,0.787,0.701,18.0
request-without-hold,"chat=True,hold=False",2300,moderate,-6.0,fading,1,100,100,100,1534,1534,0,0,0,17.1,26.7,16.6,17.1,28.2,5.4,14.9,0,,21.79,0.661,0.937,0.788,0.701,18.8
request+keepalive20,"chat=True,keepalive_s=20.0",2300,moderate,-6.0,fading,1,100,100,100,1534,1534,0,0,0,14.9,22.3,14.9,17.1,22.5,5.4,14.9,0,,18.25,0.583,0.273,0.787,0.683,16.4
handover+request,"chat=True,handover=always",2300,moderate,-6.0,fading,1,100,100,100,1534,1534,0,0,0,10.7,19.8,11.6,9.3,17.4,17.2,24.8,0,,22.4,0.8,1.114,1.153,0.149,18.3
ordinary-handover+request,"chat=True,handover=ordinary",2300,moderate,-6.0,fading,1,100,100,100,1534,1534,0,0,0,14.9,21.4,14.7,17.1,22.5,5.4,14.9,0,,20.37,0.655,0.638,0.787,0.701,17.9
base,,2300,moderate,0.0,fading,1,100,100,100,1534,1534,0,0,0,11.1,22.1,12.1,12.8,22.9,4.2,7.0,0,,10.16,0.356,1.729,0.827,0.0,20.0
request,chat=True,2300,moderate,0.0,fading,1,100,100,100,1534,1534,0,0,0,6.3,17.0,8.4,7.2,17.1,5.3,8.4,0,,10.26,0.414,1.012,0.834,0.729,18.3
request-without-hold,"chat=True,hold=False",2300,moderate,0.0,fading,1,100,100,100,1534,1534,0,0,0,6.4,17.2,9.0,7.5,18.2,5.3,9.2,0,,10.7,0.422,1.132,0.831,0.736,18.5
request+keepalive20,"chat=True,keepalive_s=20.0",2300,moderate,0.0,fading,1,100,100,100,1534,1534,0,0,0,6.8,17.1,8.9,8.2,17.6,5.3,8.2,0,,9.61,0.38,0.414,0.831,0.749,16.0
handover+request,"chat=True,handover=always",2300,moderate,0.0,fading,1,100,100,100,1534,1534,0,0,0,5.4,12.2,6.7,5.3,10.7,10.7,19.6,0,,12.31,0.534,1.626,1.25,0.189,14.9
ordinary-handover+request,"chat=True,handover=ordinary",2300,moderate,0.0,fading,1,100,100,100,1534,1534,0,0,0,5.8,17.1,7.8,5.4,17.1,8.2,17.1,0,,12.75,0.526,1.532,1.164,0.298,14.6
base,,2300,poor,-12.0,fading,1,100,100,100,1534,1534,0,0,0,32.1,49.5,32.5,34.9,50.9,16.1,31.0,0,,34.1,0.697,1.271,0.788,0.0,18.7
request,chat=True,2300,poor,-12.0,fading,1,100,100,100,1534,1534,0,0,0,26.5,42.8,26.8,27.9,42.8,16.1,31.0,0,,32.32,0.748,0.64,0.787,0.701,16.5
request-without-hold,"chat=True,hold=False",2300,poor,-12.0,fading,1,100,100,100,1534,1534,0,0,0,27.9,43.0,28.7,29.8,44.4,16.1,31.0,0,,33.72,0.748,0.942,0.788,0.701,16.8
request+keepalive20,"chat=True,keepalive_s=20.0",2300,poor,-12.0,fading,1,100,100,100,1534,1534,0,0,0,25.8,42.8,26.5,27.9,42.8,16.1,29.6,0,,29.68,0.692,0.274,0.788,0.683,15.0
handover+request,"chat=True,handover=always",2300,poor,-12.0,fading,1,100,100,100,1534,1534,0,0,0,21.5,36.4,22.4,20.3,35.1,29.1,44.4,0,,33.11,0.853,1.115,1.154,0.149,15.4
ordinary-handover+request,"chat=True,handover=ordinary",2300,poor,-12.0,fading,1,100,100,100,1534,1534,0,0,0,26.5,42.8,26.8,27.9,42.8,16.1,31.0,0,,32.32,0.748,0.64,0.787,0.701,15.5
base,,2300,poor,-6.0,fading,1,100,100,100,1534,1534,0,0,0,21.9,31.1,21.1,23.8,32.2,6.8,14.9,0,,22.79,0.608,1.272,0.787,0.0,13.0
request,chat=True,2300,poor,-6.0,fading,1,100,100,100,1534,1534,0,0,0,14.9,22.0,15.0,17.1,22.5,6.6,15.1,0,,20.61,0.657,0.638,0.787,0.701,11.6
request-without-hold,"chat=True,hold=False",2300,poor,-6.0,fading,1,100,100,100,1534,1534,0,0,0,17.1,27.1,16.8,17.1,28.3,6.7,14.9,0,,22.05,0.663,0.937,0.788,0.701,11.1
request+keepalive20,"chat=True,keepalive_s=20.0",2300,poor,-6.0,fading,1,100,100,100,1534,1534,0,0,0,14.9,22.5,15.0,17.1,22.5,5.4,16.1,0,,18.36,0.584,0.273,0.787,0.683,9.6
handover+request,"chat=True,handover=always",2300,poor,-6.0,fading,1,100,100,100,1534,1534,0,0,0,11.0,20.0,11.9,10.0,17.2,17.6,25.1,0,,22.73,0.802,1.114,1.153,0.149,10.5
ordinary-handover+request,"chat=True,handover=ordinary",2300,poor,-6.0,fading,1,100,100,100,1534,1534,0,0,0,14.9,22.0,15.0,17.1,22.5,6.6,15.1,0,,20.61,0.657,0.638,0.787,0.701,10.1
base,,2300,poor,0.0,fading,1,100,100,100,1534,1534,0,0,0,10.7,19.7,11.1,12.1,20.8,4.2,6.3,0,,8.93,0.325,1.789,0.851,0.0,11.2
request,chat=True,2300,poor,0.0,fading,1,100,100,100,1534,1534,0,0,0,6.1,14.9,7.5,6.3,16.7,4.2,6.3,0,,8.93,0.373,1.102,0.853,0.731,10.2
request-without-hold,"chat=True,hold=False",2300,poor,0.0,fading,1,100,100,100,1534,1534,0,0,0,6.1,14.6,7.5,6.3,17.0,4.2,6.3,0,,8.91,0.372,1.198,0.837,0.733,10.1
request+keepalive20,"chat=True,keepalive_s=20.0",2300,poor,0.0,fading,1,100,100,100,1534,1534,0,0,0,6.1,15.7,7.7,6.3,17.1,4.2,6.3,0,,8.06,0.334,0.415,0.859,0.752,8.7
handover+request,"chat=True,handover=always",2300,poor,0.0,fading,1,100,100,100,1534,1534,0,0,0,4.2,11.3,5.4,4.2,8.2,7.4,17.1,0,,10.06,0.461,1.767,1.28,0.195,12.7
ordinary-handover+request,"chat=True,handover=ordinary",2300,poor,0.0,fading,1,100,100,100,1534,1527,7,1,0,5.1,12.7,6.0,4.2,11.8,6.5,15.2,0,,10.2,0.458,1.681,1.251,0.237,12.7
base,,500,good,-12.0,fading,1,100,100,100,1534,1523,11,2,0,41.4,66.1,43.1,43.6,68.8,26.8,50.2,0,,44.54,0.753,1.728,0.898,0.0,30.3
request,chat=True,500,good,-12.0,fading,1,100,100,100,1534,1534,0,0,0,33.2,58.6,36.5,34.3,59.7,25.7,48.2,0,,41.92,0.792,0.995,0.882,0.616,27.8
request-without-hold,"chat=True,hold=False",500,good,-12.0,fading,1,100,100,100,1534,1520,14,2,0,36.1,60.9,38.4,38.4,62.7,26.2,46.7,0,,43.02,0.79,1.244,0.894,0.614,26.5
request+keepalive20,"chat=True,keepalive_s=20.0",500,good,-12.0,fading,1,100,100,100,1534,1509,25,2,0,33.2,58.9,36.7,35.6,62.4,25.7,44.6,0,,39.14,0.747,0.502,0.892,0.616,24.8
handover+request,"chat=True,handover=always",500,good,-12.0,fading,1,100,100,100,1534,1376,158,22,0,29.6,53.3,32.5,27.9,51.4,37.4,59.8,0,,40.08,0.892,1.321,1.245,0.122,21.7
ordinary-handover+request,"chat=True,handover=ordinary",500,good,-12.0,fading,1,100,100,100,1534,1534,0,0,0,33.2,58.6,36.5,34.3,59.7,25.7,48.2,0,,41.92,0.792,0.995,0.882,0.616,24.2
base,,500,good,-6.0,fading,1,100,100,100,1534,1503,31,3,0,28.3,42.4,28.1,30.8,43.7,10.7,21.0,0,,29.35,0.671,1.29,0.784,0.0,18.6
request,chat=True,500,good,-6.0,fading,1,100,100,100,1534,1491,43,4,0,22.5,33.2,22.3,22.5,33.7,10.7,21.5,0,,27.07,0.719,0.691,0.775,0.672,16.7
request-without-hold,"chat=True,hold=False",500,good,-6.0,fading,1,100,100,100,1534,1491,43,3,0,22.5,39.0,24.2,25.5,40.0,10.7,20.4,0,,28.5,0.721,0.969,0.767,0.671,15.9
request+keepalive20,"chat=True,keepalive_s=20.0",500,good,-6.0,fading,1,100,100,100,1534,1486,48,3,0,22.5,33.4,22.3,22.5,36.4,10.7,21.5,0,,24.79,0.659,0.303,0.769,0.66,13.9
handover+request,"chat=True,handover=always",500,good,-6.0,fading,1,100,100,100,1534,1508,26,1,1,16.1,29.5,17.5,14.6,26.7,24.3,38.2,0,,28.09,0.828,1.15,1.154,0.148,14.5
ordinary-handover+request,"chat=True,handover=ordinary",500,good,-6.0,fading,1,100,100,100,1534,1517,17,1,0,22.5,33.2,22.3,22.5,33.7,10.7,21.5,0,,27.64,0.723,0.671,0.808,0.677,15.0
base,,500,good,0.0,fading,1,100,100,100,1534,1507,27,4,0,18.2,32.6,19.1,21.1,34.0,6.3,15.8,0,,17.84,0.509,1.934,0.806,0.0,14.8
request,chat=True,500,good,0.0,fading,1,100,100,100,1534,1508,26,4,0,14.2,27.9,15.3,17.0,27.9,6.3,14.8,0,,17.47,0.557,1.231,0.835,0.68,13.9
request-without-hold,"chat=True,hold=False",500,good,0.0,fading,1,100,100,100,1534,1508,26,4,0,14.4,28.2,16.0,17.1,29.9,6.3,13.4,0,,18.08,0.563,1.374,0.824,0.677,14.0
request+keepalive20,"chat=True,keepalive_s=20.0",500,good,0.0,fading,1,100,100,100,1534,1530,4,1,0,14.4,27.9,15.4,17.0,27.9,5.4,13.7,0,,16.16,0.508,0.506,0.859,0.731,13.0
handover+request,"chat=True,handover=always",500,good,0.0,fading,1,100,100,100,1534,1515,19,3,0,10.7,22.5,12.1,10.3,19.7,18.4,28.0,0,,19.45,0.69,1.57,1.219,0.168,17.1
ordinary-handover+request,"chat=True,handover=ordinary",500,good,0.0,fading,1,100,100,100,1534,1510,24,4,0,13.0,27.9,14.7,13.4,27.9,12.5,25.1,0,,19.96,0.652,1.312,1.192,0.392,17.6
base,,500,moderate,-12.0,fading,1,100,100,100,1534,1534,0,0,0,34.3,52.2,34.9,36.5,53.6,21.5,36.4,0,,36.44,0.711,1.319,0.797,0.0,18.3
request,chat=True,500,moderate,-12.0,fading,1,100,100,100,1534,1534,0,0,0,27.9,43.0,29.0,27.9,44.0,21.5,36.4,0,,34.5,0.76,0.675,0.799,0.688,16.8
request-without-hold,"chat=True,hold=False",500,moderate,-12.0,fading,1,100,100,100,1534,1534,0,0,0,29.6,46.1,30.9,31.0,48.2,21.5,36.4,0,,35.95,0.76,0.967,0.802,0.688,18.3
request+keepalive20,"chat=True,keepalive_s=20.0",500,moderate,-12.0,fading,1,100,100,100,1534,1534,0,0,0,27.9,43.5,29.2,27.9,45.0,21.5,36.4,0,,32.21,0.707,0.298,0.801,0.675,16.6
handover+request,"chat=True,handover=always",500,moderate,-12.0,fading,1,100,100,100,1534,1533,1,1,0,25.3,41.4,26.1,23.4,38.9,32.8,45.4,0,,36.78,0.866,1.137,1.188,0.146,18.5
ordinary-handover+request,"chat=True,handover=ordinary",500,moderate,-12.0,fading,1,100,100,100,1534,1534,0,0,0,27.9,43.0,29.0,27.9,44.0,21.5,36.4,0,,34.5,0.76,0.675,0.799,0.688,18.2
base,,500,moderate,-6.0,fading,1,100,100,100,1534,1534,0,0,0,26.8,37.6,25.8,29.0,38.5,10.7,20.3,0,,27.57,0.653,1.272,0.787,0.0,15.8
request,chat=True,500,moderate,-6.0,fading,1,100,100,100,1534,1534,0,0,0,19.7,27.9,20.0,22.5,28.6,10.7,20.3,0,,25.66,0.705,0.638,0.787,0.701,14.3
request-without-hold,"chat=True,hold=False",500,moderate,-6.0,fading,1,100,100,100,1534,1534,0,0,0,22.5,33.5,21.9,22.5,34.6,10.7,20.3,0,,27.08,0.708,0.937,0.788,0.701,14.6
request+keepalive20,"chat=True,keepalive_s=20.0",500,moderate,-6.0,fading,1,100,100,100,1534,1534,0,0,0,19.6,27.9,19.7,22.5,28.1,10.7,20.3,0,,23.09,0.639,0.273,0.787,0.683,12.7
handover+request,"chat=True,handover=always",500,moderate,-6.0,fading,1,100,100,100,1534,1534,0,0,0,14.9,25.9,15.6,12.0,22.2,23.1,33.1,0,,26.4,0.825,1.114,1.153,0.149,12.7
ordinary-handover+request,"chat=True,handover=ordinary",500,moderate,-6.0,fading,1,100,100,100,1534,1534,0,0,0,19.7,27.9,20.0,22.5,28.6,10.7,20.3,0,,25.66,0.705,0.638,0.787,0.701,13.1
base,,500,moderate,0.0,fading,1,100,100,100,1534,1521,13,1,0,21.4,35.2,21.5,23.9,36.3,8.4,14.8,0,,20.51,0.545,1.797,0.878,0.0,16.0
request,chat=True,500,moderate,0.0,fading,1,100,100,100,1534,1513,21,2,0,17.1,28.1,17.4,18.5,29.6,8.4,15.8,0,,19.8,0.593,1.132,0.889,0.686,15.1
request-without-hold,"chat=True,hold=False",500,moderate,0.0,fading,1,100,100,100,1534,1513,21,2,0,17.2,30.7,18.3,19.7,32.3,7.4,15.7,0,,20.36,0.594,1.343,0.883,0.68,15.5
request+keepalive20,"chat=True,keepalive_s=20.0",500,moderate,0.0,fading,1,100,100,100,1534,1534,0,0,0,17.1,29.5,17.7,18.6,31.0,8.2,15.5,0,,18.85,0.553,0.46,0.913,0.73,14.0
handover+request,"chat=True,handover=always",500,moderate,0.0,fading,1,100,100,100,1534,1499,35,5,0,10.7,24.0,13.1,10.7,18.4,22.0,30.9,0,,21.0,0.727,1.466,1.286,0.168,14.8
ordinary-handover+request,"chat=True,handover=ordinary",500,moderate,0.0,fading,1,100,100,100,1534,1480,54,8,0,14.4,27.9,15.4,14.3,27.9,14.4,26.4,0,,20.53,0.666,1.476,1.192,0.39,14.5
base,,500,poor,-12.0,fading,1,100,100,100,1534,1534,0,0,0,32.5,49.7,33.3,34.9,51.1,21.4,36.4,0,,34.85,0.702,1.27,0.787,0.0,18.8
request,chat=True,500,poor,-12.0,fading,1,100,100,100,1534,1534,0,0,0,27.3,42.8,27.5,27.9,42.8,21.5,36.4,0,,33.02,0.751,0.64,0.787,0.701,17.1
request-without-hold,"chat=True,hold=False",500,poor,-12.0,fading,1,100,100,100,1534,1534,0,0,0,27.9,43.7,29.5,29.8,44.9,21.5,36.4,0,,34.49,0.752,0.94,0.789,0.701,17.6
request+keepalive20,"chat=True,keepalive_s=20.0",500,poor,-12.0,fading,1,100,100,100,1534,1534,0,0,0,26.8,42.8,27.3,27.9,42.8,21.5,33.0,0,,30.5,0.697,0.274,0.788,0.683,15.7
handover+request,"chat=True,handover=always",500,poor,-12.0,fading,1,100,100,100,1534,1534,0,0,0,23.2,37.1,24.5,22.0,36.4,29.1,44.4,0,,35.12,0.86,1.113,1.154,0.149,17.4
ordinary-handover+request,"chat=True,handover=ordinary",500,poor,-12.0,fading,1,100,100,100,1534,1534,0,0,0,27.3,42.8,27.5,27.9,42.8,21.5,36.4,0,,33.02,0.751,0.64,0.787,0.701,17.2
base,,500,poor,-6.0,fading,1,100,100,100,1534,1534,0,0,0,26.5,37.2,25.4,28.6,37.8,10.7,20.3,0,,27.15,0.65,1.272,0.787,0.0,15.4
request,chat=True,500,poor,-6.0,fading,1,100,100,100,1534,1534,0,0,0,18.8,27.9,19.6,22.5,27.9,10.7,20.3,0,,25.28,0.702,0.638,0.787,0.701,13.9
request-without-hold,"chat=True,hold=False",500,poor,-6.0,fading,1,100,100,100,1534,1534,0,0,0,22.5,33.0,21.6,22.5,34.1,10.7,20.3,0,,26.78,0.706,0.937,0.788,0.701,14.3
request+keepalive20,"chat=True,keepalive_s=20.0",500,poor,-6.0,fading,1,100,100,100,1534,1534,0,0,0,19.1,27.9,19.6,22.5,27.9,10.7,20.3,0,,22.94,0.637,0.273,0.787,0.683,12.4
handover+request,"chat=True,handover=always",500,poor,-6.0,fading,1,100,100,100,1534,1534,0,0,0,14.2,25.4,15.0,11.5,21.6,22.6,31.8,0,,25.83,0.822,1.114,1.153,0.149,13.4
ordinary-handover+request,"chat=True,handover=ordinary",500,poor,-6.0,fading,1,100,100,100,1534,1534,0,0,0,18.8,27.9,19.6,22.5,27.9,10.7,20.3,0,,25.28,0.702,0.638,0.787,0.701,14.0
base,,500,poor,0.0,fading,1,100,100,100,1534,1513,21,3,0,17.6,32.4,18.8,20.4,33.3,6.3,11.7,0,,16.93,0.486,1.857,0.904,0.0,18.3
request,chat=True,500,poor,0.0,fading,1,100,100,100,1534,1520,14,3,0,13.1,27.0,14.7,15.7,27.9,6.3,11.6,0,,16.33,0.528,1.205,0.954,0.703,17.1
request-without-hold,"chat=True,hold=False",500,poor,0.0,fading,1,100,100,100,1534,1508,26,4,0,13.8,28.1,15.4,16.5,29.2,6.3,11.5,0,,16.74,0.532,1.338,0.939,0.705,16.9
request+keepalive20,"chat=True,keepalive_s=20.0",500,poor,0.0,fading,1,100,100,100,1534,1533,1,1,0,14.2,27.9,15.2,16.7,28.0,5.4,10.7,0,,15.37,0.486,0.487,0.95,0.731,15.1
handover+request,"chat=True,handover=always",500,poor,0.0,fading,1,100,100,100,1534,1473,61,7,0,8.9,22.0,11.0,8.1,16.6,18.8,28.8,0,,16.79,0.636,1.639,1.349,0.177,10.7
ordinary-handover+request,"chat=True,handover=ordinary",500,poor,0.0,fading,1,100,100,100,1534,1476,58,10,0,10.7,24.5,12.6,10.2,22.9,14.2,27.2,0,,17.26,0.614,1.636,1.283,0.31,10.2
base,,2300,moderate,-6.0,fading,1,0,30,30,457,427,0,0,0,22.4,31.0,21.1,23.8,31.9,5.4,14.9,3000,197.8,34.42,0.694,1.298,0.796,0.0,6.1
request,chat=True,2300,moderate,-6.0,fading,1,0,30,30,457,427,0,0,0,14.9,21.4,14.9,17.1,22.5,5.4,14.9,3000,197.8,32.43,0.744,0.648,0.796,0.707,5.6
base,,2300,moderate,0.0,fading,1,0,30,30,457,427,0,0,0,12.2,26.3,14.1,14.3,27.5,5.3,8.6,3000,169.3,22.39,0.551,1.663,0.84,0.0,6.4
request,chat=True,2300,moderate,0.0,fading,1,0,30,30,457,427,0,0,0,9.0,18.4,10.3,11.6,19.4,5.3,10.1,3000,162.4,22.43,0.612,0.961,0.829,0.724,5.9
base,,2300,moderate,6.0,fading,1,0,30,30,457,427,0,0,0,7.4,12.6,7.2,8.3,12.8,1.3,3.2,3000,68.8,7.99,0.288,1.775,0.796,0.0,5.0
request,chat=True,2300,moderate,6.0,fading,1,0,30,30,457,427,0,0,0,3.0,4.5,3.0,3.0,4.9,1.7,3.2,3000,56.1,7.33,0.317,1.053,0.796,0.751,4.4
base,,500,moderate,-6.0,fading,1,0,30,30,457,427,0,0,0,27.8,38.3,26.3,29.3,39.0,10.7,16.4,3000,374.5,50.23,0.763,1.298,0.796,0.0,10.0
request,chat=True,500,moderate,-6.0,fading,1,0,30,30,457,427,0,0,0,20.3,30.1,20.4,22.5,30.8,10.7,18.4,3000,364.4,47.96,0.807,0.648,0.796,0.707,9.5
base,,500,moderate,0.0,fading,1,0,30,30,457,427,0,0,0,20.9,35.0,21.4,24.3,36.6,7.7,12.4,3000,276.9,37.13,0.674,1.753,0.884,0.0,10.6
request,chat=True,500,moderate,0.0,fading,1,0,30,30,457,425,2,1,0,17.1,28.1,17.0,17.8,28.6,9.5,16.3,3000,284.8,36.82,0.721,1.092,0.875,0.709,10.1
base,,500,moderate,6.0,fading,1,0,30,30,457,427,0,0,0,10.7,20.1,11.4,11.8,21.2,3.4,10.7,3000,183.2,19.8,0.502,1.726,0.814,0.0,6.8
request,chat=True,500,moderate,6.0,fading,1,0,30,30,457,427,0,0,0,5.4,13.6,7.2,6.1,15.7,4.2,7.5,3000,192.6,19.5,0.55,1.035,0.805,0.733,6.4
