bandwidth_hz,frame,channel,awgn_db,target_db,beta,fitted_db,clamped
2300,tone-24,good,-19.0,-12.0,0.0122,-12.0,0
2300,tone-24,moderate,-19.0,-13.17,0.0076,-13.17,0
2300,tone-24,poor,-19.0,-14.52,0.0082,-14.52,0
2300,tone-36,good,-17.3,-8.83,0.0111,-8.83,0
2300,tone-36,moderate,-17.3,-10.29,0.009,-10.29,0
2300,tone-36,poor,-17.3,-10.93,0.0084,-10.93,0
2300,mode 0,good,-5.1,2.0,0.2061,2.0,0
2300,mode 0,moderate,-5.1,1.25,0.2434,1.25,0
2300,mode 0,poor,-5.1,-0.33,0.2541,-0.33,0
2300,mode 1,good,-3.2,4.29,0.2897,4.29,0
2300,mode 1,moderate,-3.2,3.92,0.29,3.92,0
2300,mode 1,poor,-3.2,1.92,0.3484,1.92,0
2300,mode 2,good,-1.8,5.5,0.4183,5.5,0
2300,mode 2,moderate,-1.8,4.75,0.4819,4.75,0
2300,mode 2,poor,-1.8,2.33,0.7216,2.33,0
2300,mode 3,good,-0.4,7.09,0.5521,7.09,0
2300,mode 3,moderate,-0.4,6.72,0.5526,6.72,0
2300,mode 3,poor,-0.4,4.72,0.6639,4.72,0
2300,mode 4,good,1.4,8.67,0.8813,8.67,0
2300,mode 4,moderate,1.4,8.5,0.8423,8.5,0
2300,mode 4,poor,1.4,6.0,1.2124,6.0,0
2300,mode 5,good,2.9,10.39,1.1803,10.39,0
2300,mode 5,moderate,2.9,10.02,1.1814,10.02,0
2300,mode 5,poor,2.9,8.02,1.4194,8.02,0
2300,mode 6,good,4.7,11.67,2.0427,11.67,0
2300,mode 6,moderate,4.7,12.33,1.5674,12.33,0
2300,mode 6,poor,4.7,9.67,2.2577,9.67,0
2300,mode 7,good,6.9,14.39,2.9648,14.39,0
2300,mode 7,moderate,6.9,14.02,2.9674,14.02,0
2300,mode 7,poor,6.9,12.02,3.5654,12.02,0
2300,mode 8,good,6.0,13.67,2.3143,13.67,0
2300,mode 8,moderate,6.0,12.67,2.7853,12.67,0
2300,mode 8,poor,6.0,12.5,2.0507,12.5,0
2300,mode 9,good,8.9,16.39,4.6989,16.39,0
2300,mode 9,moderate,8.9,16.02,4.7031,16.02,0
2300,mode 9,poor,8.9,14.02,5.6507,14.02,0
2300,mode 10,good,9.9,17.67,5.56,17.67,0
2300,mode 10,moderate,9.9,19.75,3.5226,19.75,0
2300,mode 10,poor,9.9,15.02,7.1139,15.02,0
2300,mode 11,good,13.9,21.39,14.8591,21.39,0
2300,mode 11,moderate,13.9,21.02,14.8724,21.02,0
2300,mode 11,poor,13.9,19.02,17.8692,19.02,0
2300,mode 12,good,15.6,23.09,21.9782,23.09,0
2300,mode 12,moderate,15.6,22.72,21.9979,22.72,0
2300,mode 12,poor,15.6,20.72,26.4305,20.72,0
2300,mode 13,good,16.9,24.75,27.3852,24.75,0
2300,mode 13,moderate,16.9,24.02,29.6744,24.02,0
2300,mode 13,poor,16.9,22.02,35.6538,22.02,0
2300,control short,good,-5.1,-0.0,10.6778,-0.0,0
2300,control short,moderate,-5.1,-0.4,1000.0,0.01,1
2300,control short,poor,-5.1,-0.25,0.4307,-0.25,0
2300,tone-control,good,-19.5,-11.23,0.0087,-11.23,0
2300,tone-control,moderate,-19.5,-14.67,0.0105,-14.67,0
2300,tone-control,poor,-19.5,-15.75,0.0103,-15.75,0
500,tone-24,good,-19.0,-12.0,0.0122,-12.0,0
500,tone-24,moderate,-19.0,-13.17,0.0076,-13.17,0
500,tone-24,poor,-19.0,-14.52,0.0082,-14.52,0
500,tone-36,good,-17.3,-8.83,0.0111,-8.83,0
500,tone-36,moderate,-17.3,-10.29,0.009,-10.29,0
500,tone-36,poor,-17.3,-10.93,0.0084,-10.93,0
500,mode 2,good,-7.0,1.0,1000.0,1.04,1
500,mode 2,moderate,-7.0,2.0,0.0973,2.0,0
500,mode 2,poor,-7.0,-1.33,0.1339,-1.33,0
500,mode 3,good,-5.2,4.0,0.2388,4.0,0
500,mode 3,moderate,-5.2,3.5,0.1553,3.5,0
500,mode 3,poor,-5.2,0.0,0.2299,0.0,0
500,mode 4,good,-3.6,5.5,0.3711,5.5,0
500,mode 4,moderate,-3.6,5.0,0.2287,5.0,0
500,mode 4,poor,-3.6,4.0,0.2031,4.0,0
500,mode 5,good,-2.1,7.0,0.5241,7.0,0
500,mode 5,moderate,-2.1,8.0,0.2548,8.0,0
500,mode 5,poor,-2.1,4.5,0.3385,4.5,0
500,mode 6,good,0.5,10.0,0.726,10.0,0
500,mode 6,moderate,0.5,9.36,0.5611,9.36,0
500,mode 6,poor,0.5,6.79,0.6549,6.79,0
500,mode 7,good,-0.1,9.0,0.8307,9.0,0
500,mode 7,moderate,-0.1,9.5,0.4339,9.5,0
500,mode 7,poor,-0.1,8.0,0.4238,8.0,0
500,mode 8,good,2.0,12.0,0.788,12.0,0
500,mode 8,moderate,2.0,14.0,0.5178,14.0,0
500,mode 8,poor,2.0,8.29,0.925,8.29,0
500,mode 9,good,3.5,14.0,0.9047,14.0,0
500,mode 9,moderate,3.5,12.36,1.1195,12.36,0
500,mode 9,poor,3.5,9.79,1.3066,9.79,0
500,mode 10,good,6.9,17.0,2.3301,17.0,0
500,mode 10,moderate,6.9,15.76,2.4493,15.76,0
500,mode 10,poor,6.9,13.19,2.8585,13.19,0
500,mode 11,good,8.8,18.0,5.9994,18.0,0
500,mode 11,moderate,8.8,17.66,3.7935,17.66,0
500,mode 11,poor,8.8,15.09,4.4274,15.09,0
500,mode 12,good,10.4,21.0,4.2558,21.0,0
500,mode 12,moderate,10.4,19.26,5.4833,19.26,0
500,mode 12,poor,10.4,16.69,6.3995,16.69,0
500,control short,good,-4.5,2.0,1000.0,3.9,1
500,control short,moderate,-4.5,3.0,0.4232,3.0,0
500,control short,poor,-4.5,2.0,0.2875,2.0,0
500,tone-control,good,-19.5,-11.23,0.0087,-11.23,0
500,tone-control,moderate,-19.5,-14.67,0.0105,-14.67,0
500,tone-control,poor,-19.5,-15.75,0.0103,-15.75,0
