point,backend,bandwidth_hz,rate,channel,snr_db,snr_reference,pipe,ramp,bytes,seconds,goodput_bps,ideal_bps,efficiency,mode_min,mode_max,mode_final,mode_changes,bursts,frames_sent,frames_resent,harq_rescues,ack_timeouts,ok,wall_s
W1,phy,2300,,good,6.0,average,phy-continuous,,2000,45.0,355.5,531.3,0.669,0,3,2,3,6,34,2,2,0,1,17.8
W1,phy,2300,,good,6.0,average,phy-continuous,,2000,25.1,638.4,531.3,1.202,2,4,4,1,3,18,0,0,0,1,9.4
W1,phy,2300,,good,6.0,average,phy-continuous,,2000,41.8,382.3,531.3,0.72,1,3,3,3,6,31,3,3,0,1,16.7
W1,phy,2300,,good,6.0,average,phy-continuous,,2000,25.1,638.4,531.3,1.202,3,5,4,2,3,18,3,3,0,1,11.1
W1,sim,2300,,good,6.0,average,fading,,2000,61.8,258.8,531.3,0.487,0,2,1,4,8,48,4,0,0,1,0.0
W1,sim,2300,,good,6.0,average,fading,,2000,81.8,195.7,531.3,0.368,0,1,0,3,11,64,3,0,0,1,0.0
W1,sim,2300,,good,6.0,average,fading,,2000,31.4,510.2,531.3,0.96,0,4,4,2,4,23,0,0,0,1,0.0
W1,sim,2300,,good,6.0,average,fading,,2000,36.6,437.1,531.3,0.823,0,4,4,3,5,27,0,0,0,1,0.0
W1,sim,2300,,good,6.0,average,fading,,2000,24.0,666.4,531.3,1.254,3,5,4,2,3,17,2,1,0,1,0.0
W1,sim,2300,,good,6.0,average,fading,,2000,47.1,339.6,531.3,0.639,0,3,1,4,6,36,2,0,0,1,0.0
W1,sim,2300,,good,6.0,average,fading,,2000,56.6,282.9,531.3,0.533,0,3,3,5,8,43,5,0,0,1,0.0
W1,sim,2300,,good,6.0,average,fading,,2000,44.6,359.0,531.3,0.676,0,3,2,3,6,32,2,0,0,1,0.0
W1,sim,2300,,good,6.0,average,fading,,2000,31.4,510.2,531.3,0.96,0,4,4,2,4,23,0,0,0,1,0.0
W1,sim,2300,,good,6.0,average,fading,,2000,109.1,146.7,531.3,0.276,0,1,0,2,15,86,4,0,0,1,0.0
W1,sim,2300,,good,6.0,average,fading,,2000,35.5,450.1,531.3,0.847,0,4,0,4,5,26,4,0,0,1,0.0
W1,sim,2300,,good,6.0,average,fading,,2000,83.6,191.4,531.3,0.36,0,3,1,4,12,64,8,0,1,1,0.0
W1,sim,2300,,good,6.0,average,fading,,2000,44.0,364.0,531.3,0.685,1,4,1,3,6,33,7,6,0,1,0.0
W1,sim,2300,,good,6.0,average,fading,,2000,37.7,424.9,531.3,0.8,1,4,1,3,5,28,6,1,0,1,0.0
W1,sim,2300,,good,6.0,average,fading,,2000,61.8,258.8,531.3,0.487,0,3,0,3,8,48,3,1,0,1,0.0
W1,sim,2300,,good,6.0,average,fading,,2000,55.5,288.3,531.3,0.543,0,3,0,5,8,42,4,0,0,1,0.0
W1,sim,2300,,good,6.0,average,fading,,2000,29.2,547.5,531.3,1.03,2,5,2,3,5,20,5,0,0,1,0.0
W1,sim,2300,,good,6.0,average,fading,,2000,76.5,209.1,531.3,0.394,0,2,2,5,10,60,3,1,0,1,0.0
W1,sim,2300,,good,6.0,average,fading,,2000,24.0,666.4,531.3,1.254,3,5,4,2,3,17,2,0,0,1,0.0
W1,sim,2300,,good,6.0,average,fading,,2000,93.3,171.5,531.3,0.323,0,3,0,3,13,73,12,3,0,1,0.0
W1,sim,2300,,good,6.0,average,fading,,2000,20.8,767.5,531.3,1.445,3,5,5,1,3,14,0,0,0,1,0.0
W1,sim,2300,,good,6.0,average,fading,,2000,38.7,413.3,531.3,0.778,2,3,2,3,5,29,3,0,0,1,0.0
W1,sim,2300,,good,6.0,average,fading,,2000,27.1,589.4,531.3,1.109,3,4,4,2,4,19,3,0,0,1,0.0
W1,sim,2300,,good,6.0,average,fading,,2000,54.2,295.3,531.3,0.556,0,3,1,4,7,37,5,0,0,1,0.0
W1,sim,2300,,good,6.0,average,fading,,2000,44.0,364.0,531.3,0.685,0,3,0,3,6,33,3,1,0,1,0.0
W1,sim,2300,,good,6.0,average,fading,,2000,73.4,218.1,531.3,0.41,0,2,2,3,10,57,2,0,0,1,0.0
W1,sim,2300,,good,6.0,average,fading,,2000,23.0,697.0,531.3,1.312,3,5,4,2,3,16,1,1,0,1,0.0
W1,sim,2300,,good,6.0,average,fading,,2000,52.4,305.6,531.3,0.575,0,3,2,5,7,40,4,0,0,1,0.0
W1,sim,2300,,good,6.0,average,fading,,2000,34.5,463.8,531.3,0.873,2,4,3,3,5,25,3,0,0,1,0.0
W1,sim,2300,,good,6.0,average,fading,,2000,32.4,493.6,531.3,0.929,2,4,3,2,4,24,3,0,0,1,0.0
W1,sim,2300,,good,6.0,average,fading,,2000,51.3,311.8,531.3,0.587,0,3,0,3,7,39,2,0,0,1,0.0
W1,sim,2300,,good,6.0,average,fading,,2000,38.7,413.3,531.3,0.778,2,4,2,2,5,29,6,0,0,1,0.0
W1,sim,2300,,good,6.0,average,fading,,2000,36.6,437.1,531.3,0.823,2,4,2,4,5,27,6,0,0,1,0.0
W1,sim,2300,,good,6.0,average,fading,,2000,16.6,962.1,531.3,1.811,5,8,6,2,3,10,1,1,0,1,0.0
W1,sim,2300,,good,6.0,average,fading,,2000,30.3,527.9,531.3,0.994,3,6,3,3,4,22,8,5,0,1,0.0
W1,sim,2300,,good,6.0,average,fading,,2000,66.0,242.4,531.3,0.456,0,4,4,3,9,51,1,0,0,1,0.0
W1,sim,2300,,good,6.0,average,fading,,2000,42.9,372.9,531.3,0.702,0,4,4,3,6,32,0,0,0,1,0.0
W1,sim,2300,,good,6.0,average,fading,,2000,81.8,195.7,531.3,0.368,0,3,3,5,11,64,2,0,0,1,0.0
W1,sim,2300,,good,6.0,average,fading,,2000,66.0,242.4,531.3,0.456,0,3,2,6,9,51,4,0,0,1,0.0
W1,sim,2300,,good,6.0,average,fading,,2000,29.2,547.5,531.3,1.03,2,5,2,4,5,20,4,2,0,1,0.0
W1,sim,2300,,good,6.0,average,logistic,,2000,81.8,195.7,531.3,0.368,0,2,0,4,11,64,6,3,0,1,0.0
W1,sim,2300,,good,6.0,average,logistic,,2000,82.8,193.2,531.3,0.364,0,2,0,5,11,65,8,2,0,1,0.0
W1,sim,2300,,good,6.0,average,logistic,,2000,83.8,191.0,531.3,0.359,0,2,0,5,11,62,5,2,0,1,0.0
W1,sim,2300,,good,6.0,average,logistic,,2000,81.8,195.7,531.3,0.368,0,2,0,5,11,64,8,0,0,1,0.0
W1,sim,2300,,good,6.0,average,logistic,,2000,65.0,246.3,531.3,0.464,0,4,0,4,9,50,10,6,0,1,0.0
W1,sim,2300,,good,6.0,average,logistic,,2000,74.4,215.0,531.3,0.405,0,2,0,5,10,58,3,0,0,1,0.0
W1,sim,2300,,good,6.0,average,logistic,,2000,59.7,268.1,531.3,0.505,0,2,0,4,9,45,5,1,0,1,0.0
W1,sim,2300,,good,6.0,average,logistic,,2000,56.6,282.9,531.3,0.533,0,2,0,4,8,43,3,0,0,1,0.0
W1,sim,2300,,good,6.0,average,logistic,,2000,88.1,181.7,531.3,0.342,0,2,0,4,12,69,3,0,0,1,0.0
W1,sim,2300,,good,6.0,average,logistic,,2000,97.5,164.1,531.3,0.309,0,2,0,2,13,77,5,0,0,1,0.0
W1,sim,2300,,good,6.0,average,logistic,,2000,89.1,179.5,531.3,0.338,0,2,0,4,12,70,4,0,0,1,0.0
W1,sim,2300,,good,6.0,average,logistic,,2000,97.5,164.1,531.3,0.309,0,2,0,4,13,77,8,1,0,1,0.0
W1,sim,2300,,good,6.0,average,logistic,,2000,86.0,186.1,531.3,0.35,0,2,1,5,12,67,8,3,0,1,0.0
W1,sim,2300,,good,6.0,average,logistic,,2000,72.3,221.3,531.3,0.416,0,2,0,4,10,56,4,2,0,1,0.0
W1,sim,2300,,good,6.0,average,logistic,,2000,96.5,165.8,531.3,0.312,0,2,0,2,13,76,4,0,0,1,0.0
W1,sim,2300,,good,6.0,average,logistic,,2000,98.6,162.3,531.3,0.305,0,2,0,2,13,78,6,1,0,1,0.0
W1,sim,2300,,good,6.0,average,logistic,,2000,66.8,239.6,531.3,0.451,0,2,0,4,10,50,5,1,1,1,0.0
W1,sim,2300,,good,6.0,average,logistic,,2000,91.2,175.4,531.3,0.33,0,2,0,4,12,72,5,1,0,1,0.0
W1,sim,2300,,good,6.0,average,logistic,,2000,78.6,203.5,531.3,0.383,0,2,0,5,11,61,6,2,0,1,0.0
W1,sim,2300,,good,6.0,average,logistic,,2000,91.2,175.4,531.3,0.33,0,2,0,4,12,72,5,0,0,1,0.0
W1,sim,2300,,good,6.0,average,logistic,,2000,78.6,203.5,531.3,0.383,0,2,0,4,11,61,4,1,0,1,0.0
W1,sim,2300,,good,6.0,average,logistic,,2000,96.5,165.8,531.3,0.312,0,2,1,3,13,76,5,2,0,1,0.0
W1,sim,2300,,good,6.0,average,logistic,,2000,69.2,231.3,531.3,0.435,0,2,0,4,9,54,7,0,0,1,0.0
W1,sim,2300,,good,6.0,average,logistic,,2000,87.8,182.2,531.3,0.343,0,4,0,4,11,65,12,7,0,1,0.0
W1,sim,2300,,good,6.0,average,logistic,,2000,101.7,157.3,531.3,0.296,0,2,0,4,14,80,10,2,0,1,0.0
W1,sim,2300,,good,6.0,average,logistic,,2000,65.0,246.3,531.3,0.464,0,4,0,4,9,50,12,7,0,1,0.0
W1,sim,2300,,good,6.0,average,logistic,,2000,94.4,169.6,531.3,0.319,0,2,0,4,13,74,6,1,0,1,0.0
W1,sim,2300,,good,6.0,average,logistic,,2000,79.7,200.8,531.3,0.378,0,2,0,4,11,62,8,2,0,1,0.0
W1,sim,2300,,good,6.0,average,logistic,,2000,78.6,203.5,531.3,0.383,0,2,0,5,11,61,5,1,0,1,0.0
W1,sim,2300,,good,6.0,average,logistic,,2000,93.3,171.5,531.3,0.323,0,2,0,4,13,73,6,1,0,1,0.0
W1,sim,2300,,good,6.0,average,logistic,,2000,91.2,175.4,531.3,0.33,0,2,0,4,12,72,5,0,0,1,0.0
W1,sim,2300,,good,6.0,average,logistic,,2000,90.2,177.4,531.3,0.334,0,2,0,4,12,71,5,0,0,1,0.0
W1,sim,2300,,good,6.0,average,logistic,,2000,69.2,231.3,531.3,0.435,0,2,0,4,9,54,6,1,0,1,0.0
W1,sim,2300,,good,6.0,average,logistic,,2000,86.0,186.1,531.3,0.35,0,2,0,5,12,67,10,2,0,1,0.0
W1,sim,2300,,good,6.0,average,logistic,,2000,96.5,165.8,531.3,0.312,0,2,0,4,13,76,7,0,0,1,0.0
W1,sim,2300,,good,6.0,average,logistic,,2000,80.7,198.2,531.3,0.373,0,2,0,4,11,63,5,2,0,1,0.0
W1,sim,2300,,good,6.0,average,logistic,,2000,90.2,177.4,531.3,0.334,0,2,0,4,12,71,4,0,0,1,0.0
W1,sim,2300,,good,6.0,average,logistic,,2000,88.1,181.7,531.3,0.342,0,2,0,4,12,69,3,0,0,1,0.0
W1,sim,2300,,good,6.0,average,logistic,,2000,90.2,177.4,531.3,0.334,0,2,0,4,12,71,4,0,0,1,0.0
W1,sim,2300,,good,6.0,average,logistic,,2000,76.5,209.1,531.3,0.394,0,2,0,5,10,60,5,3,0,1,0.0
W2,phy,2300,,moderate,10.0,average,phy-continuous,,2000,22.9,697.8,1093.0,0.638,3,6,5,3,4,15,1,1,0,1,8.7
W2,phy,2300,,moderate,10.0,average,phy-continuous,,2000,14.5,1099.8,1093.0,1.006,5,8,8,1,2,9,0,0,0,1,5.4
W2,phy,2300,,moderate,10.0,average,phy-continuous,,2000,20.8,767.5,1093.0,0.702,3,5,5,1,3,14,0,0,0,1,7.4
W2,phy,2300,,moderate,10.0,average,phy-continuous,,2000,17.7,903.4,1093.0,0.827,4,6,6,1,2,12,0,0,0,1,6.3
W2,sim,2300,,moderate,10.0,average,fading,,2000,23.0,697.0,1093.0,0.638,2,5,5,2,3,16,0,0,0,1,0.0
W2,sim,2300,,moderate,10.0,average,fading,,2000,21.9,730.6,1093.0,0.668,4,5,5,2,3,15,3,0,0,1,0.0
W2,sim,2300,,moderate,10.0,average,fading,,2000,23.0,697.0,1093.0,0.638,3,5,4,2,3,16,1,0,0,1,0.0
W2,sim,2300,,moderate,10.0,average,fading,,2000,14.5,1099.8,1093.0,1.006,5,8,8,1,2,9,0,0,0,1,0.0
W2,sim,2300,,moderate,10.0,average,fading,,2000,17.7,903.4,1093.0,0.827,5,6,5,1,2,12,2,2,0,1,0.0
W2,sim,2300,,moderate,10.0,average,fading,,2000,20.8,767.5,1093.0,0.702,4,6,5,2,3,14,2,0,0,1,0.0
W2,sim,2300,,moderate,10.0,average,fading,,2000,24.0,666.4,1093.0,0.61,3,5,4,2,3,17,2,0,0,1,0.0
W2,sim,2300,,moderate,10.0,average,fading,,2000,17.7,903.4,1093.0,0.827,4,6,6,1,2,12,0,0,0,1,0.0
W2,sim,2300,,moderate,10.0,average,fading,,2000,20.8,767.5,1093.0,0.702,4,6,5,2,3,14,2,0,0,1,0.0
W2,sim,2300,,moderate,10.0,average,fading,,2000,17.7,904.8,1093.0,0.828,5,8,6,2,3,11,2,0,0,1,0.0
W2,sim,2300,,moderate,10.0,average,fading,,2000,19.8,808.4,1093.0,0.74,3,6,6,1,3,13,0,0,0,1,0.0
W2,sim,2300,,moderate,10.0,average,fading,,2000,24.0,666.4,1093.0,0.61,3,4,4,2,3,17,1,0,0,1,0.0
W2,sim,2300,,moderate,10.0,average,fading,,2000,19.8,808.4,1093.0,0.74,4,5,5,2,3,13,1,0,0,1,0.0
W2,sim,2300,,moderate,10.0,average,fading,,2000,19.8,808.4,1093.0,0.74,4,5,5,2,3,13,1,0,0,1,0.0
W2,sim,2300,,moderate,10.0,average,fading,,2000,23.0,697.0,1093.0,0.638,3,5,4,2,3,16,1,0,0,1,0.0
W2,sim,2300,,moderate,10.0,average,fading,,2000,23.0,697.0,1093.0,0.638,2,5,5,2,3,16,0,0,0,1,0.0
W2,sim,2300,,moderate,10.0,average,fading,,2000,23.0,697.0,1093.0,0.638,2,5,5,2,3,16,0,0,0,1,0.0
W2,sim,2300,,moderate,10.0,average,fading,,2000,19.8,808.4,1093.0,0.74,4,6,5,2,3,13,1,0,0,1,0.0
W2,sim,2300,,moderate,10.0,average,fading,,2000,21.9,730.6,1093.0,0.668,4,5,4,1,3,15,2,0,0,1,0.0
W2,sim,2300,,moderate,10.0,average,fading,,2000,22.9,697.8,1093.0,0.638,3,5,4,2,4,15,1,0,0,1,0.0
W2,sim,2300,,moderate,10.0,average,fading,,2000,18.7,853.9,1093.0,0.781,4,6,4,2,3,12,2,0,0,1,0.0
W2,sim,2300,,moderate,10.0,average,fading,,2000,18.7,853.9,1093.0,0.781,4,6,4,2,3,12,2,0,0,1,0.0
W2,sim,2300,,moderate,10.0,average,fading,,2000,17.7,904.8,1093.0,0.828,5,8,6,2,3,11,2,1,0,1,0.0
W2,sim,2300,,moderate,10.0,average,fading,,2000,16.6,962.1,1093.0,0.88,5,8,6,2,3,10,1,0,0,1,0.0
W2,sim,2300,,moderate,10.0,average,fading,,2000,22.9,697.8,1093.0,0.638,3,6,5,3,4,15,1,0,0,1,0.0
W2,sim,2300,,moderate,10.0,average,fading,,2000,23.0,697.0,1093.0,0.638,2,5,5,2,3,16,0,0,0,1,0.0
W2,sim,2300,,moderate,10.0,average,fading,,2000,21.9,730.6,1093.0,0.668,4,6,5,2,3,15,3,0,0,1,0.0
W2,sim,2300,,moderate,10.0,average,fading,,2000,21.9,730.6,1093.0,0.668,2,5,5,1,3,15,0,0,0,1,0.0
W2,sim,2300,,moderate,10.0,average,fading,,2000,23.0,697.0,1093.0,0.638,3,5,4,2,3,16,1,0,0,1,0.0
W2,sim,2300,,moderate,10.0,average,fading,,2000,20.8,767.5,1093.0,0.702,3,6,6,2,3,14,0,0,0,1,0.0
W2,sim,2300,,moderate,10.0,average,fading,,2000,14.5,1099.8,1093.0,1.006,5,8,8,1,2,9,0,0,0,1,0.0
W2,sim,2300,,moderate,10.0,average,fading,,2000,20.8,767.5,1093.0,0.702,3,6,6,2,3,14,0,0,0,1,0.0
W2,sim,2300,,moderate,10.0,average,fading,,2000,21.9,730.6,1093.0,0.668,4,5,4,1,3,15,2,0,0,1,0.0
W2,sim,2300,,moderate,10.0,average,fading,,2000,27.1,589.4,1093.0,0.539,3,5,4,3,4,19,5,0,0,1,0.0
W2,sim,2300,,moderate,10.0,average,fading,,2000,28.2,567.4,1093.0,0.519,2,5,4,3,4,20,2,0,0,1,0.0
W2,sim,2300,,moderate,10.0,average,fading,,2000,20.8,767.5,1093.0,0.702,3,6,6,2,3,14,0,0,0,1,0.0
W2,sim,2300,,moderate,10.0,average,fading,,2000,21.9,730.6,1093.0,0.668,3,5,3,2,3,15,2,0,0,1,0.0
W2,sim,2300,,moderate,10.0,average,fading,,2000,20.8,767.5,1093.0,0.702,4,5,4,1,3,14,1,0,0,1,0.0
W2,sim,2300,,moderate,10.0,average,fading,,2000,17.7,903.4,1093.0,0.827,5,5,5,0,2,12,1,0,0,1,0.0
W2,sim,2300,,moderate,10.0,average,fading,,2000,23.0,697.0,1093.0,0.638,3,5,4,2,3,16,1,0,0,1,0.0
W2,sim,2300,,moderate,10.0,average,logistic,,2000,24.0,666.4,1093.0,0.61,4,6,5,2,3,17,5,5,0,1,0.0
W2,sim,2300,,moderate,10.0,average,logistic,,2000,27.1,589.4,1093.0,0.539,3,4,3,3,4,19,3,0,0,1,0.0
W2,sim,2300,,moderate,10.0,average,logistic,,2000,32.4,493.6,1093.0,0.452,2,4,2,2,4,24,2,0,0,1,0.0
W2,sim,2300,,moderate,10.0,average,logistic,,2000,27.1,589.4,1093.0,0.539,3,4,3,3,4,19,3,0,0,1,0.0
W2,sim,2300,,moderate,10.0,average,logistic,,2000,29.3,547.0,1093.0,0.5,4,6,4,3,4,21,9,6,0,1,0.0
W2,sim,2300,,moderate,10.0,average,logistic,,2000,27.1,589.4,1093.0,0.539,4,6,4,3,4,19,7,5,0,1,0.0
W2,sim,2300,,moderate,10.0,average,logistic,,2000,28.2,567.4,1093.0,0.519,4,6,4,3,4,20,8,4,0,1,0.0
W2,sim,2300,,moderate,10.0,average,logistic,,2000,27.1,589.4,1093.0,0.539,4,6,4,3,4,19,7,6,0,1,0.0
W2,sim,2300,,moderate,10.0,average,logistic,,2000,24.0,666.4,1093.0,0.61,3,4,4,2,3,17,1,0,0,1,0.0
W2,sim,2300,,moderate,10.0,average,logistic,,2000,24.0,666.4,1093.0,0.61,3,4,4,2,3,17,1,0,0,1,0.0
W2,sim,2300,,moderate,10.0,average,logistic,,2000,24.0,666.4,1093.0,0.61,4,6,5,2,3,17,5,5,0,1,0.0
W2,sim,2300,,moderate,10.0,average,logistic,,2000,28.2,567.4,1093.0,0.519,4,6,4,3,4,20,8,6,0,1,0.0
W2,sim,2300,,moderate,10.0,average,logistic,,2000,28.2,567.4,1093.0,0.519,3,4,3,3,4,20,4,1,0,1,0.0
W2,sim,2300,,moderate,10.0,average,logistic,,2000,26.1,613.3,1093.0,0.561,3,4,3,3,4,18,2,1,0,1,0.0
W2,sim,2300,,moderate,10.0,average,logistic,,2000,26.1,613.3,1093.0,0.561,4,6,4,3,4,18,6,5,0,1,0.0
W2,sim,2300,,moderate,10.0,average,logistic,,2000,26.1,613.3,1093.0,0.561,3,4,3,3,4,18,2,0,0,1,0.0
W2,sim,2300,,moderate,10.0,average,logistic,,2000,25.1,638.4,1093.0,0.584,4,6,5,2,3,18,6,5,0,1,0.0
W2,sim,2300,,moderate,10.0,average,logistic,,2000,27.1,589.4,1093.0,0.539,3,4,3,3,4,19,3,0,0,1,0.0
W2,sim,2300,,moderate,10.0,average,logistic,,2000,24.0,666.4,1093.0,0.61,3,4,4,2,3,17,1,0,0,1,0.0
W2,sim,2300,,moderate,10.0,average,logistic,,2000,27.1,589.4,1093.0,0.539,4,6,4,3,4,19,7,6,0,1,0.0
W2,sim,2300,,moderate,10.0,average,logistic,,2000,26.1,613.3,1093.0,0.561,3,4,3,3,4,18,2,0,0,1,0.0
W2,sim,2300,,moderate,10.0,average,logistic,,2000,28.2,567.4,1093.0,0.519,3,4,3,3,4,20,4,1,0,1,0.0
W2,sim,2300,,moderate,10.0,average,logistic,,2000,24.0,666.4,1093.0,0.61,4,6,5,2,3,17,5,4,0,1,0.0
W2,sim,2300,,moderate,10.0,average,logistic,,2000,29.3,547.0,1093.0,0.5,4,6,4,3,4,21,9,6,0,1,0.0
W2,sim,2300,,moderate,10.0,average,logistic,,2000,29.3,547.0,1093.0,0.5,4,6,4,3,4,21,9,6,0,1,0.0
W2,sim,2300,,moderate,10.0,average,logistic,,2000,27.1,589.4,1093.0,0.539,4,6,4,3,4,19,7,5,0,1,0.0
W2,sim,2300,,moderate,10.0,average,logistic,,2000,25.1,638.4,1093.0,0.584,3,4,4,2,3,18,2,0,0,1,0.0
W2,sim,2300,,moderate,10.0,average,logistic,,2000,27.1,589.4,1093.0,0.539,3,4,3,3,4,19,3,0,0,1,0.0
W2,sim,2300,,moderate,10.0,average,logistic,,2000,26.1,613.3,1093.0,0.561,3,4,3,3,4,18,2,1,0,1,0.0
W2,sim,2300,,moderate,10.0,average,logistic,,2000,27.1,589.4,1093.0,0.539,3,4,3,3,4,19,3,0,0,1,0.0
W2,sim,2300,,moderate,10.0,average,logistic,,2000,26.1,613.3,1093.0,0.561,3,4,3,3,4,18,2,0,0,1,0.0
W2,sim,2300,,moderate,10.0,average,logistic,,2000,28.2,567.4,1093.0,0.519,4,6,4,3,4,20,8,5,0,1,0.0
W2,sim,2300,,moderate,10.0,average,logistic,,2000,24.0,666.4,1093.0,0.61,3,4,4,2,3,17,1,0,0,1,0.0
W2,sim,2300,,moderate,10.0,average,logistic,,2000,34.5,463.8,1093.0,0.424,2,4,2,2,5,25,3,0,0,1,0.0
W2,sim,2300,,moderate,10.0,average,logistic,,2000,26.1,613.3,1093.0,0.561,3,4,3,3,4,18,2,0,0,1,0.0
W2,sim,2300,,moderate,10.0,average,logistic,,2000,27.1,589.4,1093.0,0.539,3,4,3,3,4,19,3,0,0,1,0.0
W2,sim,2300,,moderate,10.0,average,logistic,,2000,27.1,589.4,1093.0,0.539,3,4,3,3,4,19,3,0,0,1,0.0
W2,sim,2300,,moderate,10.0,average,logistic,,2000,32.4,493.6,1093.0,0.452,2,4,2,2,4,24,2,0,0,1,0.0
W2,sim,2300,,moderate,10.0,average,logistic,,2000,28.2,567.4,1093.0,0.519,4,6,4,3,4,20,8,6,0,1,0.0
W2,sim,2300,,moderate,10.0,average,logistic,,2000,27.1,589.4,1093.0,0.539,4,6,4,3,4,19,7,5,0,1,0.0
W3,phy,2300,,poor,3.0,average,phy-continuous,,2000,78.6,203.5,531.3,0.383,0,2,0,4,11,61,7,2,0,1,28.9
W3,phy,2300,,poor,3.0,average,phy-continuous,,2000,101.7,157.3,531.3,0.296,0,1,1,3,14,80,4,0,0,1,35.8
W3,phy,2300,,poor,3.0,average,phy-continuous,,2000,60.8,263.3,531.3,0.496,0,2,0,3,8,47,3,3,0,1,22.7
W3,phy,2300,,poor,3.0,average,phy-continuous,,2000,51.3,311.8,531.3,0.587,1,3,1,3,7,39,2,2,0,1,19.4
W3,sim,2300,,poor,3.0,average,fading,,2000,56.6,282.9,531.3,0.533,0,3,0,4,8,43,5,1,0,1,0.0
W3,sim,2300,,poor,3.0,average,fading,,2000,82.8,193.2,531.3,0.364,0,2,1,4,11,65,3,0,0,1,0.0
W3,sim,2300,,poor,3.0,average,fading,,2000,46.0,347.5,531.3,0.654,0,3,2,3,7,34,1,0,0,1,0.0
W3,sim,2300,,poor,3.0,average,fading,,2000,53.4,299.5,531.3,0.564,0,3,3,3,7,41,0,0,0,1,0.0
W3,sim,2300,,poor,3.0,average,fading,,2000,84.7,189.0,531.3,0.356,0,2,1,4,11,66,9,0,1,1,0.0
W3,sim,2300,,poor,3.0,average,fading,,2000,62.4,256.3,531.3,0.482,0,2,1,3,8,47,1,0,0,1,0.0
W3,sim,2300,,poor,3.0,average,fading,,2000,53.4,299.7,531.3,0.564,0,2,1,3,8,40,1,0,0,1,0.0
W3,sim,2300,,poor,3.0,average,fading,,2000,59.7,267.9,531.3,0.504,0,3,0,4,8,46,4,0,0,1,0.0
W3,sim,2300,,poor,3.0,average,fading,,2000,53.4,299.5,531.3,0.564,1,3,1,3,7,41,5,1,0,1,0.0
W3,sim,2300,,poor,3.0,average,fading,,2000,92.3,173.4,531.3,0.326,0,2,0,4,13,72,4,0,0,1,0.0
W3,sim,2300,,poor,3.0,average,fading,,2000,79.1,202.3,531.3,0.381,0,2,2,4,10,59,2,0,0,1,0.0
W3,sim,2300,,poor,3.0,average,fading,,2000,87.8,182.2,531.3,0.343,0,1,0,2,12,68,7,0,1,1,0.0
W3,sim,2300,,poor,3.0,average,fading,,2000,53.4,299.5,531.3,0.564,0,2,1,3,7,41,1,0,0,1,0.0
W3,sim,2300,,poor,3.0,average,fading,,2000,101.7,157.3,531.3,0.296,0,1,0,2,14,80,3,0,0,1,0.0
W3,sim,2300,,poor,3.0,average,fading,,2000,79.7,200.8,531.3,0.378,0,3,0,4,11,62,4,1,0,1,0.0
W3,sim,2300,,poor,3.0,average,fading,,2000,61.8,258.9,531.3,0.487,0,2,1,4,9,47,2,0,0,1,0.0
W3,sim,2300,,poor,3.0,average,fading,,2000,47.1,339.8,531.3,0.639,0,3,0,4,7,35,4,0,0,1,0.0
W3,sim,2300,,poor,3.0,average,fading,,2000,53.4,299.5,531.3,0.564,0,2,1,3,7,41,1,0,0,1,0.0
W3,sim,2300,,poor,3.0,average,fading,,2000,101.7,157.3,531.3,0.296,0,1,0,2,14,80,3,0,0,1,0.0
W3,sim,2300,,poor,3.0,average,fading,,2000,56.6,282.9,531.3,0.533,0,2,2,2,8,43,0,0,0,1,0.0
W3,sim,2300,,poor,3.0,average,fading,,2000,75.5,212.0,531.3,0.399,0,2,2,4,10,59,2,0,0,1,0.0
W3,sim,2300,,poor,3.0,average,fading,,2000,87.0,183.9,531.3,0.346,0,2,1,5,12,68,2,1,0,1,0.0
W3,sim,2300,,poor,3.0,average,fading,,2000,53.4,299.5,531.3,0.564,1,3,1,2,7,41,3,0,0,1,0.0
W3,sim,2300,,poor,3.0,average,fading,,2000,47.1,339.8,531.3,0.639,0,3,0,3,7,35,6,0,0,1,0.0
W3,sim,2300,,poor,3.0,average,fading,,2000,49.2,325.2,531.3,0.612,0,4,0,4,7,37,7,3,0,1,0.0
W3,sim,2300,,poor,3.0,average,fading,,2000,67.1,238.6,531.3,0.449,0,2,0,3,9,52,2,0,0,1,0.0
W3,sim,2300,,poor,3.0,average,fading,,2000,45.0,355.5,531.3,0.669,0,2,2,1,6,34,0,0,0,1,0.0
W3,sim,2300,,poor,3.0,average,fading,,2000,54.5,293.7,531.3,0.553,0,2,1,3,7,42,2,0,0,1,0.0
W3,sim,2300,,poor,3.0,average,fading,,2000,82.6,193.8,531.3,0.365,0,2,2,4,11,64,6,0,1,1,0.0
W3,sim,2300,,poor,3.0,average,fading,,2000,69.2,231.3,531.3,0.435,0,2,0,3,9,54,3,0,0,1,0.0
W3,sim,2300,,poor,3.0,average,fading,,2000,38.7,413.3,531.3,0.778,2,3,2,2,5,29,1,0,0,1,0.0
W3,sim,2300,,poor,3.0,average,fading,,2000,45.0,355.7,531.3,0.669,0,3,0,4,7,33,3,2,0,1,0.0
W3,sim,2300,,poor,3.0,average,fading,,2000,73.3,218.2,531.3,0.411,0,3,2,5,11,56,2,0,0,1,0.0
W3,sim,2300,,poor,3.0,average,fading,,2000,49.2,325.2,531.3,0.612,0,3,0,4,7,37,7,0,0,1,0.0
W3,sim,2300,,poor,3.0,average,fading,,2000,57.6,277.7,531.3,0.523,0,2,1,2,8,44,1,0,0,1,0.0
W3,sim,2300,,poor,3.0,average,fading,,2000,46.1,347.3,531.3,0.654,0,3,3,3,6,35,0,0,0,1,0.0
W3,sim,2300,,poor,3.0,average,fading,,2000,45.0,355.7,531.3,0.669,0,3,0,3,7,33,3,1,0,1,0.0
W3,sim,2300,,poor,3.0,average,fading,,2000,53.4,299.5,531.3,0.564,0,2,1,2,7,41,1,0,0,1,0.0
W3,sim,2300,,poor,3.0,average,fading,,2000,63.9,250.4,531.3,0.471,0,2,0,3,9,49,5,0,0,1,0.0
W3,sim,2300,,poor,3.0,average,fading,,2000,105.9,151.0,531.3,0.284,0,1,0,2,14,84,2,0,0,1,0.0
W3,sim,2300,,poor,3.0,average,logistic,,2000,89.1,179.6,531.3,0.338,0,2,1,6,13,69,4,1,0,1,0.0
W3,sim,2300,,poor,3.0,average,logistic,,2000,105.9,151.1,531.3,0.284,0,1,0,4,15,83,4,2,0,1,0.0
W3,sim,2300,,poor,3.0,average,logistic,,2000,95.4,167.7,531.3,0.316,0,2,0,5,13,75,7,1,0,1,0.0
W3,sim,2300,,poor,3.0,average,logistic,,2000,91.2,175.4,531.3,0.33,0,2,0,5,13,71,5,3,0,1,0.0
W3,sim,2300,,poor,3.0,average,logistic,,2000,89.1,179.5,531.3,0.338,0,2,0,5,12,70,4,2,0,1,0.0
W3,sim,2300,,poor,3.0,average,logistic,,2000,98.6,162.3,531.3,0.305,0,2,0,3,13,78,5,0,0,1,0.0
W3,sim,2300,,poor,3.0,average,logistic,,2000,94.1,170.0,531.3,0.32,0,2,1,5,13,73,11,3,1,1,0.0
W3,sim,2300,,poor,3.0,average,logistic,,2000,67.1,238.6,531.3,0.449,0,2,0,3,9,52,2,1,0,1,0.0
W3,sim,2300,,poor,3.0,average,logistic,,2000,90.2,177.5,531.3,0.334,0,2,0,5,13,70,5,1,0,1,0.0
W3,sim,2300,,poor,3.0,average,logistic,,2000,98.3,162.8,531.3,0.306,0,2,0,3,13,77,10,0,1,1,0.0
W3,sim,2300,,poor,3.0,average,logistic,,2000,80.7,198.2,531.3,0.373,0,2,0,3,11,63,2,0,0,1,0.0
W3,sim,2300,,poor,3.0,average,logistic,,2000,94.4,169.6,531.3,0.319,0,2,0,5,13,74,6,2,0,1,0.0
W3,sim,2300,,poor,3.0,average,logistic,,2000,91.2,175.4,531.3,0.33,0,2,0,5,12,72,5,0,0,1,0.0
W3,sim,2300,,poor,3.0,average,logistic,,2000,97.5,164.1,531.3,0.309,0,2,0,3,13,77,5,0,0,1,0.0
W3,sim,2300,,poor,3.0,average,logistic,,2000,114.8,139.3,531.3,0.262,0,2,0,3,15,90,17,0,2,1,0.0
W3,sim,2300,,poor,3.0,average,logistic,,2000,99.4,161.0,531.3,0.303,0,2,0,3,13,78,10,1,1,1,0.0
W3,sim,2300,,poor,3.0,average,logistic,,2000,115.4,138.7,531.3,0.261,0,1,0,2,15,88,6,1,0,1,0.0
W3,sim,2300,,poor,3.0,average,logistic,,2000,86.0,186.1,531.3,0.35,0,2,2,5,12,67,2,1,0,1,0.0
W3,sim,2300,,poor,3.0,average,logistic,,2000,86.0,186.1,531.3,0.35,0,2,0,3,12,67,5,0,0,1,0.0
W3,sim,2300,,poor,3.0,average,logistic,,2000,93.3,171.5,531.3,0.323,0,2,0,3,13,73,5,1,0,1,0.0
W3,sim,2300,,poor,3.0,average,logistic,,2000,93.0,172.0,531.3,0.324,0,2,1,6,13,72,12,2,1,1,0.0
W3,sim,2300,,poor,3.0,average,logistic,,2000,103.8,154.1,531.3,0.29,0,2,0,3,15,81,3,0,0,1,0.0
W3,sim,2300,,poor,3.0,average,logistic,,2000,91.2,175.4,531.3,0.33,0,2,0,3,12,72,5,0,0,1,0.0
W3,sim,2300,,poor,3.0,average,logistic,,2000,94.1,170.0,531.3,0.32,0,2,0,3,12,70,6,2,0,1,0.0
W3,sim,2300,,poor,3.0,average,logistic,,2000,94.4,169.6,531.3,0.319,0,2,0,5,13,74,6,2,0,1,0.0
W3,sim,2300,,poor,3.0,average,logistic,,2000,99.4,161.0,531.3,0.303,0,2,0,3,13,78,11,1,1,1,0.0
W3,sim,2300,,poor,3.0,average,logistic,,2000,90.2,177.5,531.3,0.334,0,2,0,5,13,70,6,2,0,1,0.0
W3,sim,2300,,poor,3.0,average,logistic,,2000,97.5,164.1,531.3,0.309,0,2,0,3,13,77,5,1,0,1,0.0
W3,sim,2300,,poor,3.0,average,logistic,,2000,95.1,168.2,531.3,0.317,0,2,0,5,13,74,11,2,1,1,0.0
W3,sim,2300,,poor,3.0,average,logistic,,2000,121.4,131.8,531.3,0.248,0,0,0,0,16,96,8,0,1,1,0.0
W3,sim,2300,,poor,3.0,average,logistic,,2000,87.0,183.9,531.3,0.346,0,2,2,5,12,68,4,0,0,1,0.0
W3,sim,2300,,poor,3.0,average,logistic,,2000,101.7,157.3,531.3,0.296,0,2,0,3,14,80,7,1,0,1,0.0
W3,sim,2300,,poor,3.0,average,logistic,,2000,96.5,165.8,531.3,0.312,0,2,0,3,13,76,4,1,0,1,0.0
W3,sim,2300,,poor,3.0,average,logistic,,2000,106.7,149.9,531.3,0.282,0,2,0,3,14,84,14,2,1,1,0.0
W3,sim,2300,,poor,3.0,average,logistic,,2000,89.1,179.5,531.3,0.338,0,2,0,5,12,70,4,1,0,1,0.0
W3,sim,2300,,poor,3.0,average,logistic,,2000,108.0,148.1,531.3,0.279,0,1,0,2,15,85,3,0,0,1,0.0
W3,sim,2300,,poor,3.0,average,logistic,,2000,110.9,144.3,531.3,0.272,0,1,0,4,15,87,10,2,1,1,0.0
W3,sim,2300,,poor,3.0,average,logistic,,2000,93.3,171.5,531.3,0.323,0,2,0,5,13,73,8,2,0,1,0.0
W3,sim,2300,,poor,3.0,average,logistic,,2000,96.5,165.8,531.3,0.312,0,2,0,3,13,76,4,1,0,1,0.0
W3,sim,2300,,poor,3.0,average,logistic,,2000,98.6,162.3,531.3,0.305,0,2,0,3,13,78,5,0,0,1,0.0
N1,phy,500,,moderate,3.0,average,phy-continuous,,1000,101.1,79.1,60.7,1.303,0,5,0,6,10,47,4,3,1,1,154.7
N1,phy,500,,moderate,3.0,average,phy-continuous,,1000,65.5,122.1,60.7,2.01,1,5,1,4,8,39,6,4,0,1,124.0
N1,phy,500,,moderate,3.0,average,phy-continuous,,1000,153.9,52.0,60.7,0.856,0,5,0,4,11,51,10,2,2,1,160.9
N1,phy,500,,moderate,3.0,average,phy-continuous,,1000,110.6,72.3,60.7,1.191,1,4,1,4,10,53,10,1,1,1,168.7
N1,sim,500,,moderate,3.0,average,fading,,1000,129.1,62.0,60.7,1.021,0,4,1,4,9,49,9,0,1,1,0.0
N1,sim,500,,moderate,3.0,average,fading,,1000,121.9,65.6,60.7,1.081,0,4,1,5,10,46,3,1,1,1,0.0
N1,sim,500,,moderate,3.0,average,fading,,1000,98.1,81.6,60.7,1.343,1,4,1,4,9,46,3,0,0,1,0.0
N1,sim,500,,moderate,3.0,average,fading,,1000,58.0,137.8,60.7,2.27,1,5,1,4,8,43,3,0,0,1,0.0
N1,sim,500,,moderate,3.0,average,fading,,1000,87.5,91.4,60.7,1.506,2,7,4,3,11,66,15,2,2,1,0.0
N1,sim,500,,moderate,3.0,average,fading,,1000,60.2,0.0,60.7,0.0,0,0,0,0,2,12,6,0,1,0,0.0
N1,sim,500,,moderate,3.0,average,fading,,1000,137.2,58.3,60.7,0.96,1,3,1,3,8,40,7,0,1,1,0.0
N1,sim,500,,moderate,3.0,average,fading,,1000,103.2,77.5,60.7,1.276,1,5,1,4,10,52,11,1,1,1,0.0
N1,sim,500,,moderate,3.0,average,fading,,1000,138.3,57.9,60.7,0.953,1,2,1,3,9,38,3,0,1,1,0.0
N1,sim,500,,moderate,3.0,average,fading,,1000,129.7,61.7,60.7,1.016,0,4,1,5,8,43,7,0,1,1,0.0
N1,sim,500,,moderate,3.0,average,fading,,1000,52.6,152.1,60.7,2.504,3,5,3,3,7,39,5,1,0,1,0.0
N1,sim,500,,moderate,3.0,average,fading,,1000,161.5,49.5,60.7,0.816,0,4,3,5,9,48,4,0,0,1,0.0
N1,sim,500,,moderate,3.0,average,fading,,1000,48.2,165.9,60.7,2.731,2,7,2,4,6,36,5,1,0,1,0.0
N1,sim,500,,moderate,3.0,average,fading,,1000,58.0,137.8,60.7,2.27,1,5,1,5,8,43,10,2,0,1,0.0
N1,sim,500,,moderate,3.0,average,fading,,1000,131.4,60.9,60.7,1.003,1,3,1,3,10,53,9,0,1,1,0.0
N1,sim,500,,moderate,3.0,average,fading,,1000,114.0,70.2,60.7,1.155,1,4,1,4,7,40,7,0,1,1,0.0
N1,sim,500,,moderate,3.0,average,fading,,1000,60.7,0.0,60.7,0.0,0,0,0,0,2,12,6,0,1,0,0.0
N1,sim,500,,moderate,3.0,average,fading,,1000,98.1,81.6,60.7,1.343,1,4,1,3,9,46,3,0,0,1,0.0
N1,sim,500,,moderate,3.0,average,fading,,1000,126.4,63.3,60.7,1.043,1,3,1,4,10,49,5,1,0,1,0.0
N1,sim,500,,moderate,3.0,average,fading,,1000,125.7,63.7,60.7,1.048,1,3,1,3,8,40,2,1,0,1,0.0
N1,sim,500,,moderate,3.0,average,fading,,1000,119.7,66.8,60.7,1.1,1,4,1,3,8,42,6,0,0,1,0.0
N1,sim,500,,moderate,3.0,average,fading,,1000,88.2,90.7,60.7,1.495,1,7,1,4,11,57,5,0,0,1,0.0
N1,sim,500,,moderate,3.0,average,fading,,1000,61.2,130.7,60.7,2.153,2,5,2,4,8,46,7,3,0,1,0.0
N1,sim,500,,moderate,3.0,average,fading,,1000,90.5,88.4,60.7,1.455,1,5,1,4,8,40,5,3,0,1,0.0
N1,sim,500,,moderate,3.0,average,fading,,1000,113.1,70.7,60.7,1.165,1,4,1,3,8,44,8,0,1,1,0.0
N1,sim,500,,moderate,3.0,average,fading,,1000,101.5,78.8,60.7,1.298,0,5,1,6,10,45,6,3,0,1,0.0
N1,sim,500,,moderate,3.0,average,fading,,1000,69.8,114.7,60.7,1.889,1,5,1,4,8,40,4,0,0,1,0.0
N1,sim,500,,moderate,3.0,average,fading,,1000,118.5,67.5,60.7,1.112,1,3,1,5,10,54,4,0,0,1,0.0
N1,sim,500,,moderate,3.0,average,fading,,1000,92.4,86.6,60.7,1.426,1,5,1,4,8,44,9,1,1,1,0.0
N1,sim,500,,moderate,3.0,average,fading,,1000,122.4,65.4,60.7,1.077,1,3,1,4,11,60,8,0,1,1,0.0
N1,sim,500,,moderate,3.0,average,fading,,1000,71.7,111.6,60.7,1.837,1,7,1,4,7,37,9,2,0,1,0.0
N1,sim,500,,moderate,3.0,average,fading,,1000,98.7,81.0,60.7,1.334,1,5,1,4,8,42,6,1,0,1,0.0
N1,sim,500,,moderate,3.0,average,fading,,1000,104.2,76.8,60.7,1.264,1,3,1,3,8,44,4,0,0,1,0.0
N1,sim,500,,moderate,3.0,average,fading,,1000,118.8,67.3,60.7,1.109,1,4,1,3,9,46,7,0,0,1,0.0
N1,sim,500,,moderate,3.0,average,fading,,1000,143.8,55.6,60.7,0.916,0,3,1,4,9,47,3,0,0,1,0.0
N1,sim,500,,moderate,3.0,average,fading,,1000,154.7,51.7,60.7,0.852,0,3,1,3,8,44,8,1,1,1,0.0
N1,sim,500,,moderate,3.0,average,fading,,1000,111.4,71.8,60.7,1.183,1,7,1,4,10,53,17,1,2,1,0.0
N1,sim,500,,moderate,3.0,average,fading,,1000,58.0,137.8,60.7,2.27,1,7,1,5,8,43,12,2,0,1,0.0
N1,sim,500,,moderate,3.0,average,fading,,1000,71.6,111.7,60.7,1.84,1,7,1,5,8,44,15,3,1,1,0.0
N1,sim,500,,moderate,3.0,average,fading,,1000,98.3,81.4,60.7,1.341,1,4,1,4,10,55,8,0,1,1,0.0
N1,sim,500,,moderate,3.0,average,logistic,,1000,101.5,0.0,60.7,0.0,0,0,0,0,2,12,6,2,1,0,0.0
N1,sim,500,,moderate,3.0,average,logistic,,1000,87.6,0.0,60.7,0.0,0,0,0,0,2,12,6,1,1,0,0.0
N1,sim,500,,moderate,3.0,average,logistic,,1000,223.7,35.8,60.7,0.589,0,3,1,3,12,67,22,2,3,1,0.0
N1,sim,500,,moderate,3.0,average,logistic,,1000,132.8,0.0,60.7,0.0,,,,0,0,0,0,2,0,0,0.0
N1,sim,500,,moderate,3.0,average,logistic,,1000,80.8,0.0,60.7,0.0,0,0,0,0,2,12,6,0,1,0,0.0
N1,sim,500,,moderate,3.0,average,logistic,,1000,143.7,55.7,60.7,0.917,1,3,1,2,7,35,4,2,0,1,0.0
N1,sim,500,,moderate,3.0,average,logistic,,1000,175.3,45.6,60.7,0.752,0,3,1,2,8,45,12,0,2,1,0.0
N1,sim,500,,moderate,3.0,average,logistic,,1000,159.7,50.1,60.7,0.825,0,3,1,2,8,45,12,1,2,1,0.0
N1,sim,500,,moderate,3.0,average,logistic,,1000,172.8,46.3,60.7,0.762,1,3,1,1,9,44,15,1,3,1,0.0
N1,sim,500,,moderate,3.0,average,logistic,,1000,171.0,46.8,60.7,0.771,0,3,1,3,8,44,8,0,1,1,0.0
N1,sim,500,,moderate,3.0,average,logistic,,1000,146.3,54.7,60.7,0.901,1,3,1,2,7,37,5,1,0,1,0.0
N1,sim,500,,moderate,3.0,average,logistic,,1000,172.7,46.3,60.7,0.763,0,3,1,3,9,43,10,3,2,1,0.0
N1,sim,500,,moderate,3.0,average,logistic,,1000,202.5,39.5,60.7,0.651,0,3,0,3,14,72,33,3,7,1,0.0
N1,sim,500,,moderate,3.0,average,logistic,,1000,178.0,44.9,60.7,0.74,0,3,1,3,9,50,17,4,2,1,0.0
N1,sim,500,,moderate,3.0,average,logistic,,1000,85.6,0.0,60.7,0.0,0,0,0,0,2,12,6,0,1,0,0.0
N1,sim,500,,moderate,3.0,average,logistic,,1000,148.5,53.9,60.7,0.887,1,3,1,2,7,38,7,2,0,1,0.0
N1,sim,500,,moderate,3.0,average,logistic,,1000,147.3,54.3,60.7,0.894,1,3,1,1,7,36,7,0,1,1,0.0
N1,sim,500,,moderate,3.0,average,logistic,,1000,229.0,34.9,60.7,0.575,0,3,1,3,12,72,26,4,4,1,0.0
N1,sim,500,,moderate,3.0,average,logistic,,1000,177.0,45.2,60.7,0.745,0,3,1,2,9,46,14,1,3,1,0.0
N1,sim,500,,moderate,3.0,average,logistic,,1000,147.3,54.3,60.7,0.894,1,3,1,2,7,36,5,3,0,1,0.0
N1,sim,500,,moderate,3.0,average,logistic,,1000,114.1,0.0,60.7,0.0,,,,0,0,0,0,0,0,0,0.0
N1,sim,500,,moderate,3.0,average,logistic,,1000,98.9,0.0,60.7,0.0,0,0,0,0,2,12,6,1,1,0,0.0
N1,sim,500,,moderate,3.0,average,logistic,,1000,148.5,0.0,60.7,0.0,0,0,0,0,2,12,6,0,1,0,0.0
N1,sim,500,,moderate,3.0,average,logistic,,1000,237.2,33.7,60.7,0.555,0,3,1,4,12,67,18,6,2,1,0.0
N1,sim,500,,moderate,3.0,average,logistic,,1000,157.9,50.7,60.7,0.835,0,3,1,2,8,42,13,3,2,1,0.0
N1,sim,500,,moderate,3.0,average,logistic,,1000,168.9,47.4,60.7,0.78,0,3,1,3,8,44,9,1,1,1,0.0
N1,sim,500,,moderate,3.0,average,logistic,,1000,178.4,44.8,60.7,0.738,0,3,0,3,11,51,14,5,3,1,0.0
N1,sim,500,,moderate,3.0,average,logistic,,1000,78.8,0.0,60.7,0.0,0,0,0,0,2,12,6,0,1,0,0.0
N1,sim,500,,moderate,3.0,average,logistic,,1000,116.8,0.0,60.7,0.0,0,0,0,0,2,12,6,1,1,0,0.0
N1,sim,500,,moderate,3.0,average,logistic,,1000,104.3,0.0,60.7,0.0,,,,0,0,0,0,0,0,0,0.0
N1,sim,500,,moderate,3.0,average,logistic,,1000,157.7,50.7,60.7,0.835,0,3,1,3,8,44,10,1,1,1,0.0
N1,sim,500,,moderate,3.0,average,logistic,,1000,124.7,19.2,60.7,0.317,2,3,3,2,8,48,33,7,5,0,0.0
N1,sim,500,,moderate,3.0,average,logistic,,1000,172.8,46.3,60.7,0.762,1,3,1,2,10,46,14,2,3,1,0.0
N1,sim,500,,moderate,3.0,average,logistic,,1000,228.9,34.9,60.7,0.575,0,3,1,2,12,67,24,6,4,1,0.0
N1,sim,500,,moderate,3.0,average,logistic,,1000,130.0,61.6,60.7,1.014,1,3,1,3,8,41,9,6,0,1,0.0
N1,sim,500,,moderate,3.0,average,logistic,,1000,110.2,0.0,60.7,0.0,0,0,0,0,2,12,6,0,1,0,0.0
N1,sim,500,,moderate,3.0,average,logistic,,1000,135.0,59.3,60.7,0.976,1,3,1,1,6,35,6,0,1,1,0.0
N1,sim,500,,moderate,3.0,average,logistic,,1000,141.7,0.0,60.7,0.0,,,,0,0,0,0,0,0,0,0.0
N1,sim,500,,moderate,3.0,average,logistic,,1000,77.5,0.0,60.7,0.0,0,0,0,0,2,12,6,0,1,0,0.0
N1,sim,500,,moderate,3.0,average,logistic,,1000,108.7,0.0,60.7,0.0,,,,0,0,0,0,1,0,0,0.0
N2,phy,500,,good,6.0,average,phy-continuous,,1000,138.1,57.9,60.7,0.954,1,3,1,2,8,42,9,0,1,1,133.6
N2,phy,500,,good,6.0,average,phy-continuous,,1000,27.9,286.9,60.7,4.724,7,9,8,2,4,19,3,3,0,1,67.0
N2,phy,500,,good,6.0,average,phy-continuous,,1000,91.6,87.4,60.7,1.439,1,7,1,5,8,41,12,4,0,1,133.8
N2,phy,500,,good,6.0,average,phy-continuous,,1000,25.6,312.3,60.7,5.142,7,9,8,2,3,18,2,2,0,1,69.4
N2,sim,500,,good,6.0,average,fading,,1000,32.3,248.0,60.7,4.083,5,8,5,4,5,22,2,0,0,1,0.0
N2,sim,500,,good,6.0,average,fading,,1000,40.4,197.9,60.7,3.259,5,8,5,2,5,29,6,1,1,1,0.0
N2,sim,500,,good,6.0,average,fading,,1000,35.4,225.8,60.7,3.719,3,8,7,3,5,25,2,0,0,1,0.0
N2,sim,500,,good,6.0,average,fading,,1000,35.4,225.8,60.7,3.719,3,8,8,3,5,25,0,0,0,1,0.0
N2,sim,500,,good,6.0,average,fading,,1000,25.6,312.3,60.7,5.142,5,8,8,1,3,18,0,0,0,1,0.0
N2,sim,500,,good,6.0,average,fading,,1000,48.4,165.3,60.7,2.722,2,7,5,5,7,35,6,0,0,1,0.0
N2,sim,500,,good,6.0,average,fading,,1000,71.3,112.2,60.7,1.849,0,7,5,5,7,37,2,0,0,1,0.0
N2,sim,500,,good,6.0,average,fading,,1000,39.6,201.8,60.7,3.323,2,7,7,3,5,29,0,0,0,1,0.0
N2,sim,500,,good,6.0,average,fading,,1000,37.7,212.2,60.7,3.495,4,8,5,4,6,26,3,0,0,1,0.0
N2,sim,500,,good,6.0,average,fading,,1000,113.6,70.4,60.7,1.16,0,4,1,6,9,47,7,0,0,1,0.0
N2,sim,500,,good,6.0,average,fading,,1000,35.4,225.8,60.7,3.719,4,8,5,4,5,25,4,1,0,1,0.0
N2,sim,500,,good,6.0,average,fading,,1000,72.3,110.6,60.7,1.822,0,7,7,5,7,38,0,0,0,1,0.0
N2,sim,500,,good,6.0,average,fading,,1000,50.5,158.4,60.7,2.609,3,7,4,4,7,37,4,1,0,1,0.0
N2,sim,500,,good,6.0,average,fading,,1000,58.0,137.8,60.7,2.27,1,7,1,4,8,43,12,0,0,1,0.0
N2,sim,500,,good,6.0,average,fading,,1000,61.9,129.3,60.7,2.13,1,7,1,4,9,44,16,0,2,1,0.0
N2,sim,500,,good,6.0,average,fading,,1000,51.3,156.1,60.7,2.57,3,7,3,4,7,34,6,1,0,1,0.0
N2,sim,500,,good,6.0,average,fading,,1000,25.6,312.3,60.7,5.142,8,9,8,2,3,18,4,2,0,1,0.0
N2,sim,500,,good,6.0,average,fading,,1000,66.6,120.1,60.7,1.977,2,5,2,4,9,50,4,0,0,1,0.0
N2,sim,500,,good,6.0,average,fading,,1000,25.6,312.3,60.7,5.142,7,9,8,2,3,18,2,0,0,1,0.0
N2,sim,500,,good,6.0,average,fading,,1000,40.7,196.6,60.7,3.237,4,7,5,3,5,30,3,0,0,1,0.0
N2,sim,500,,good,6.0,average,fading,,1000,33.2,241.3,60.7,3.973,5,7,7,2,4,24,3,0,0,1,0.0
N2,sim,500,,good,6.0,average,fading,,1000,25.8,310.3,60.7,5.111,7,9,8,2,4,17,2,0,0,1,0.0
N2,sim,500,,good,6.0,average,fading,,1000,32.1,249.2,60.7,4.104,5,8,5,2,4,23,2,0,0,1,0.0
N2,sim,500,,good,6.0,average,fading,,1000,79.2,101.1,60.7,1.664,2,7,2,4,10,60,10,0,1,1,0.0
N2,sim,500,,good,6.0,average,fading,,1000,60.0,133.3,60.7,2.195,2,4,3,4,9,43,5,0,1,1,0.0
N2,sim,500,,good,6.0,average,fading,,1000,46.1,173.4,60.7,2.856,4,5,4,3,6,34,3,0,0,1,0.0
N2,sim,500,,good,6.0,average,fading,,1000,31.1,257.6,60.7,4.243,5,8,7,2,4,22,2,0,0,1,0.0
N2,sim,500,,good,6.0,average,fading,,1000,42.0,190.4,60.7,3.135,5,7,5,1,5,27,1,0,0,1,0.0
N2,sim,500,,good,6.0,average,fading,,1000,40.7,196.6,60.7,3.237,4,7,5,2,5,30,3,1,0,1,0.0
N2,sim,500,,good,6.0,average,fading,,1000,59.9,0.0,60.7,0.0,0,0,0,0,2,12,6,0,1,0,0.0
N2,sim,500,,good,6.0,average,fading,,1000,63.7,125.5,60.7,2.067,0,7,7,3,6,31,0,0,0,1,0.0
N2,sim,500,,good,6.0,average,fading,,1000,80.6,99.2,60.7,1.634,1,7,1,4,7,37,9,0,1,1,0.0
N2,sim,500,,good,6.0,average,fading,,1000,54.8,145.9,60.7,2.403,2,7,2,5,7,38,5,1,0,1,0.0
N2,sim,500,,good,6.0,average,fading,,1000,22.5,356.2,60.7,5.867,8,10,9,2,3,15,3,0,0,1,0.0
N2,sim,500,,good,6.0,average,fading,,1000,66.6,120.1,60.7,1.977,2,4,3,6,9,50,4,1,0,1,0.0
N2,sim,500,,good,6.0,average,fading,,1000,70.2,113.9,60.7,1.876,0,7,5,5,7,36,2,0,0,1,0.0
N2,sim,500,,good,6.0,average,fading,,1000,53.4,149.8,60.7,2.468,2,7,4,5,7,39,8,0,1,1,0.0
N2,sim,500,,good,6.0,average,fading,,1000,58.0,137.8,60.7,2.27,2,7,3,5,8,43,8,3,0,1,0.0
N2,sim,500,,good,6.0,average,fading,,1000,68.5,116.8,60.7,1.924,3,5,3,3,9,51,12,0,1,1,0.0
N2,sim,500,,good,6.0,average,fading,,1000,33.0,242.1,60.7,3.987,5,9,5,3,5,22,6,2,1,1,0.0
N2,sim,500,,good,6.0,average,logistic,,1000,65.6,122.0,60.7,2.009,3,5,3,4,9,49,10,5,0,1,0.0
N2,sim,500,,good,6.0,average,logistic,,1000,77.3,103.5,60.7,1.704,1,5,1,5,9,46,9,4,0,1,0.0
N2,sim,500,,good,6.0,average,logistic,,1000,112.4,71.2,60.7,1.173,1,4,1,4,8,41,6,2,0,1,0.0
N2,sim,500,,good,6.0,average,logistic,,1000,111.3,71.9,60.7,1.184,1,4,1,4,8,40,5,0,0,1,0.0
N2,sim,500,,good,6.0,average,logistic,,1000,77.8,102.9,60.7,1.694,1,5,1,5,9,45,9,5,0,1,0.0
N2,sim,500,,good,6.0,average,logistic,,1000,107.1,74.7,60.7,1.23,1,4,1,4,8,39,3,0,0,1,0.0
N2,sim,500,,good,6.0,average,logistic,,1000,64.5,124.0,60.7,2.042,1,5,1,5,9,48,9,5,0,1,0.0
N2,sim,500,,good,6.0,average,logistic,,1000,77.3,103.5,60.7,1.704,1,5,1,5,9,46,8,3,0,1,0.0
N2,sim,500,,good,6.0,average,logistic,,1000,63.5,126.0,60.7,2.076,2,4,3,5,9,47,3,1,0,1,0.0
N2,sim,500,,good,6.0,average,logistic,,1000,107.1,74.7,60.7,1.23,1,4,1,4,8,39,3,0,0,1,0.0
N2,sim,500,,good,6.0,average,logistic,,1000,94.7,84.4,60.7,1.391,1,4,1,4,8,41,3,0,0,1,0.0
N2,sim,500,,good,6.0,average,logistic,,1000,79.8,100.3,60.7,1.652,1,5,1,5,10,50,14,7,0,1,0.0
N2,sim,500,,good,6.0,average,logistic,,1000,65.6,122.0,60.7,2.009,3,5,3,4,9,49,10,5,0,1,0.0
N2,sim,500,,good,6.0,average,logistic,,1000,68.9,116.2,60.7,1.913,1,5,1,5,9,44,8,6,0,1,0.0
N2,sim,500,,good,6.0,average,logistic,,1000,94.7,84.4,60.7,1.391,1,4,1,4,8,41,3,0,0,1,0.0
N2,sim,500,,good,6.0,average,logistic,,1000,117.3,68.2,60.7,1.123,1,4,1,4,8,45,11,1,1,1,0.0
N2,sim,500,,good,6.0,average,logistic,,1000,60.7,0.0,60.7,0.0,0,0,0,0,2,12,6,0,1,0,0.0
N2,sim,500,,good,6.0,average,logistic,,1000,78.4,102.1,60.7,1.681,2,4,2,4,10,60,4,1,0,1,0.0
N2,sim,500,,good,6.0,average,logistic,,1000,99.0,80.8,60.7,1.331,1,4,1,4,8,42,4,0,0,1,0.0
N2,sim,500,,good,6.0,average,logistic,,1000,111.3,71.9,60.7,1.184,1,4,1,4,8,40,5,0,0,1,0.0
N2,sim,500,,good,6.0,average,logistic,,1000,63.3,126.4,60.7,2.081,3,5,3,4,8,48,8,5,0,1,0.0
N2,sim,500,,good,6.0,average,logistic,,1000,112.4,71.2,60.7,1.173,1,4,1,4,8,41,6,2,0,1,0.0
N2,sim,500,,good,6.0,average,logistic,,1000,94.7,84.4,60.7,1.391,1,5,1,5,8,41,9,4,0,1,0.0
N2,sim,500,,good,6.0,average,logistic,,1000,61.5,0.0,60.7,0.0,0,0,0,0,2,12,6,0,1,0,0.0
N2,sim,500,,good,6.0,average,logistic,,1000,111.5,71.8,60.7,1.182,1,4,1,4,9,45,10,2,0,1,0.0
N2,sim,500,,good,6.0,average,logistic,,1000,94.7,84.4,60.7,1.391,1,7,1,5,8,41,13,7,0,1,0.0
N2,sim,500,,good,6.0,average,logistic,,1000,59.5,0.0,60.7,0.0,0,0,0,0,2,12,6,0,1,0,0.0
N2,sim,500,,good,6.0,average,logistic,,1000,82.4,97.1,60.7,1.599,1,5,1,5,8,43,11,4,0,1,0.0
N2,sim,500,,good,6.0,average,logistic,,1000,61.4,0.0,60.7,0.0,0,0,0,0,2,12,6,0,1,0,0.0
N2,sim,500,,good,6.0,average,logistic,,1000,76.0,0.0,60.7,0.0,0,0,0,0,2,12,6,0,1,0,0.0
N2,sim,500,,good,6.0,average,logistic,,1000,99.0,80.8,60.7,1.331,1,4,1,4,8,42,4,0,0,1,0.0
N2,sim,500,,good,6.0,average,logistic,,1000,89.1,89.8,60.7,1.48,1,4,1,5,10,53,5,0,0,1,0.0
N2,sim,500,,good,6.0,average,logistic,,1000,89.6,89.3,60.7,1.47,1,5,1,5,9,44,10,3,0,1,0.0
N2,sim,500,,good,6.0,average,logistic,,1000,103.2,77.5,60.7,1.277,1,4,1,4,8,43,6,0,0,1,0.0
N2,sim,500,,good,6.0,average,logistic,,1000,103.2,77.5,60.7,1.277,1,4,1,4,8,43,6,0,0,1,0.0
N2,sim,500,,good,6.0,average,logistic,,1000,99.0,80.8,60.7,1.331,1,5,1,5,8,42,10,6,0,1,0.0
N2,sim,500,,good,6.0,average,logistic,,1000,111.3,71.9,60.7,1.184,1,4,1,4,8,40,4,0,0,1,0.0
N2,sim,500,,good,6.0,average,logistic,,1000,107.1,74.7,60.7,1.23,1,4,1,4,8,39,3,0,0,1,0.0
N2,sim,500,,good,6.0,average,logistic,,1000,89.1,89.8,60.7,1.48,1,4,1,5,10,53,5,0,0,1,0.0
N2,sim,500,,good,6.0,average,logistic,,1000,108.1,74.0,60.7,1.218,1,4,1,4,8,40,5,1,0,1,0.0
N3,phy,500,,awgn,-8.0,average,phy-continuous,,1000,321.5,24.9,60.7,0.41,0,0,0,0,11,63,0,0,0,1,200.2
N3,phy,500,,awgn,-8.0,average,phy-continuous,,1000,321.2,24.9,60.7,0.41,0,0,0,0,11,63,0,0,0,1,204.9
N3,phy,500,,awgn,-8.0,average,phy-continuous,,1000,319.7,25.0,60.7,0.412,0,0,0,0,11,63,0,0,0,1,232.2
N3,phy,500,,awgn,-8.0,average,phy-continuous,,1000,320.7,24.9,60.7,0.411,0,0,0,0,11,63,0,0,0,1,231.2
N3,sim,500,,awgn,-8.0,average,fading,,1000,321.5,24.9,60.7,0.41,0,0,0,0,11,63,0,0,0,1,0.0
N3,sim,500,,awgn,-8.0,average,fading,,1000,321.2,24.9,60.7,0.41,0,0,0,0,11,63,0,0,0,1,0.0
N3,sim,500,,awgn,-8.0,average,fading,,1000,319.7,25.0,60.7,0.412,0,0,0,0,11,63,0,0,0,1,0.0
N3,sim,500,,awgn,-8.0,average,fading,,1000,320.7,24.9,60.7,0.411,0,0,0,0,11,63,0,0,0,1,0.0
N3,sim,500,,awgn,-8.0,average,fading,,1000,320.6,25.0,60.7,0.411,0,0,0,0,11,63,0,0,0,1,0.0
N3,sim,500,,awgn,-8.0,average,fading,,1000,320.3,25.0,60.7,0.411,0,0,0,0,11,63,0,0,0,1,0.0
N3,sim,500,,awgn,-8.0,average,fading,,1000,321.0,24.9,60.7,0.41,0,0,0,0,11,63,0,0,0,1,0.0
N3,sim,500,,awgn,-8.0,average,fading,,1000,318.9,25.1,60.7,0.413,0,0,0,0,11,63,0,0,0,1,0.0
N3,sim,500,,awgn,-8.0,average,fading,,1000,320.7,24.9,60.7,0.411,0,0,0,0,11,63,0,0,0,1,0.0
N3,sim,500,,awgn,-8.0,average,fading,,1000,321.7,24.9,60.7,0.41,0,0,0,0,11,63,0,0,0,1,0.0
N3,sim,500,,awgn,-8.0,average,fading,,1000,320.8,24.9,60.7,0.411,0,0,0,0,11,63,0,0,0,1,0.0
N3,sim,500,,awgn,-8.0,average,fading,,1000,319.3,25.1,60.7,0.413,0,0,0,0,11,63,0,0,0,1,0.0
N3,sim,500,,awgn,-8.0,average,fading,,1000,319.7,25.0,60.7,0.412,0,0,0,0,11,63,0,0,0,1,0.0
N3,sim,500,,awgn,-8.0,average,fading,,1000,320.3,25.0,60.7,0.411,0,0,0,0,11,63,0,0,0,1,0.0
N3,sim,500,,awgn,-8.0,average,fading,,1000,320.2,25.0,60.7,0.411,0,0,0,0,11,63,0,0,0,1,0.0
N3,sim,500,,awgn,-8.0,average,fading,,1000,318.8,25.1,60.7,0.413,0,0,0,0,11,63,0,0,0,1,0.0
N3,sim,500,,awgn,-8.0,average,fading,,1000,318.9,25.1,60.7,0.413,0,0,0,0,11,63,0,0,0,1,0.0
N3,sim,500,,awgn,-8.0,average,fading,,1000,320.5,25.0,60.7,0.411,0,0,0,0,11,63,0,0,0,1,0.0
N3,sim,500,,awgn,-8.0,average,fading,,1000,319.6,25.0,60.7,0.412,0,0,0,0,11,63,0,0,0,1,0.0
N3,sim,500,,awgn,-8.0,average,fading,,1000,319.7,25.0,60.7,0.412,0,0,0,0,11,63,0,0,0,1,0.0
N3,sim,500,,awgn,-8.0,average,fading,,1000,318.9,25.1,60.7,0.413,0,0,0,0,11,63,0,0,0,1,0.0
N3,sim,500,,awgn,-8.0,average,fading,,1000,319.3,25.1,60.7,0.413,0,0,0,0,11,63,0,0,0,1,0.0
N3,sim,500,,awgn,-8.0,average,fading,,1000,319.8,25.0,60.7,0.412,0,0,0,0,11,63,0,0,0,1,0.0
N3,sim,500,,awgn,-8.0,average,fading,,1000,319.7,25.0,60.7,0.412,0,0,0,0,11,63,0,0,0,1,0.0
N3,sim,500,,awgn,-8.0,average,fading,,1000,321.1,24.9,60.7,0.41,0,0,0,0,11,63,0,0,0,1,0.0
N3,sim,500,,awgn,-8.0,average,fading,,1000,319.6,25.0,60.7,0.412,0,0,0,0,11,63,0,0,0,1,0.0
N3,sim,500,,awgn,-8.0,average,fading,,1000,319.7,25.0,60.7,0.412,0,0,0,0,11,63,0,0,0,1,0.0
N3,sim,500,,awgn,-8.0,average,fading,,1000,321.6,24.9,60.7,0.41,0,0,0,0,11,63,0,0,0,1,0.0
N3,sim,500,,awgn,-8.0,average,fading,,1000,320.3,25.0,60.7,0.411,0,0,0,0,11,63,0,0,0,1,0.0
N3,sim,500,,awgn,-8.0,average,fading,,1000,320.3,25.0,60.7,0.411,0,0,0,0,11,63,0,0,0,1,0.0
N3,sim,500,,awgn,-8.0,average,fading,,1000,319.7,25.0,60.7,0.412,0,0,0,0,11,63,0,0,0,1,0.0
N3,sim,500,,awgn,-8.0,average,fading,,1000,319.9,25.0,60.7,0.412,0,0,0,0,11,63,0,0,0,1,0.0
N3,sim,500,,awgn,-8.0,average,fading,,1000,320.6,25.0,60.7,0.411,0,0,0,0,11,63,0,0,0,1,0.0
N3,sim,500,,awgn,-8.0,average,fading,,1000,321.8,24.9,60.7,0.409,0,0,0,0,11,63,0,0,0,1,0.0
N3,sim,500,,awgn,-8.0,average,fading,,1000,319.8,25.0,60.7,0.412,0,0,0,0,11,63,0,0,0,1,0.0
N3,sim,500,,awgn,-8.0,average,fading,,1000,318.6,25.1,60.7,0.414,0,0,0,0,11,63,0,0,0,1,0.0
N3,sim,500,,awgn,-8.0,average,fading,,1000,320.4,25.0,60.7,0.411,0,0,0,0,11,63,0,0,0,1,0.0
N3,sim,500,,awgn,-8.0,average,fading,,1000,320.8,24.9,60.7,0.411,0,0,0,0,11,63,0,0,0,1,0.0
N3,sim,500,,awgn,-8.0,average,fading,,1000,321.0,24.9,60.7,0.41,0,0,0,0,11,63,0,0,0,1,0.0
N3,sim,500,,awgn,-8.0,average,fading,,1000,319.8,25.0,60.7,0.412,0,0,0,0,11,63,0,0,0,1,0.0
N3,sim,500,,awgn,-8.0,average,logistic,,1000,321.5,24.9,60.7,0.41,0,0,0,0,11,63,0,0,0,1,0.0
N3,sim,500,,awgn,-8.0,average,logistic,,1000,352.1,22.7,60.7,0.374,0,0,0,0,11,64,1,0,0,1,0.0
N3,sim,500,,awgn,-8.0,average,logistic,,1000,342.4,20.2,60.7,0.332,0,0,0,0,10,60,6,0,1,0,0.0
N3,sim,500,,awgn,-8.0,average,logistic,,1000,320.7,24.9,60.7,0.411,0,0,0,0,11,63,0,0,0,1,0.0
N3,sim,500,,awgn,-8.0,average,logistic,,1000,320.6,25.0,60.7,0.411,0,0,0,0,11,63,0,0,0,1,0.0
N3,sim,500,,awgn,-8.0,average,logistic,,1000,320.3,25.0,60.7,0.411,0,0,0,0,11,63,0,0,0,1,0.0
N3,sim,500,,awgn,-8.0,average,logistic,,1000,321.0,24.9,60.7,0.41,0,0,0,0,11,63,0,0,0,1,0.0
N3,sim,500,,awgn,-8.0,average,logistic,,1000,318.9,25.1,60.7,0.413,0,0,0,0,11,63,0,0,0,1,0.0
N3,sim,500,,awgn,-8.0,average,logistic,,1000,320.7,24.9,60.7,0.411,0,0,0,0,11,63,0,0,0,1,0.0
N3,sim,500,,awgn,-8.0,average,logistic,,1000,330.1,24.2,60.7,0.399,0,0,0,0,11,65,2,0,0,1,0.0
N3,sim,500,,awgn,-8.0,average,logistic,,1000,320.8,24.9,60.7,0.411,0,0,0,0,11,63,0,0,0,1,0.0
N3,sim,500,,awgn,-8.0,average,logistic,,1000,319.3,25.1,60.7,0.413,0,0,0,0,11,63,0,0,0,1,0.0
N3,sim,500,,awgn,-8.0,average,logistic,,1000,349.2,22.9,60.7,0.377,0,0,0,0,11,63,0,0,0,1,0.0
N3,sim,500,,awgn,-8.0,average,logistic,,1000,320.3,25.0,60.7,0.411,0,0,0,0,11,63,0,0,0,1,0.0
N3,sim,500,,awgn,-8.0,average,logistic,,1000,324.4,24.7,60.7,0.406,0,0,0,0,11,64,1,0,0,1,0.0
N3,sim,500,,awgn,-8.0,average,logistic,,1000,327.2,24.4,60.7,0.403,0,0,0,0,11,65,2,0,0,1,0.0
N3,sim,500,,awgn,-8.0,average,logistic,,1000,313.2,19.6,60.7,0.323,0,0,0,0,9,54,6,0,1,0,0.0
N3,sim,500,,awgn,-8.0,average,logistic,,1000,320.5,25.0,60.7,0.411,0,0,0,0,11,63,0,0,0,1,0.0
N3,sim,500,,awgn,-8.0,average,logistic,,1000,323.8,24.7,60.7,0.407,0,0,0,0,11,64,1,0,0,1,0.0
N3,sim,500,,awgn,-8.0,average,logistic,,1000,172.5,13.4,60.7,0.22,0,0,0,0,4,24,6,0,1,0,0.0
N3,sim,500,,awgn,-8.0,average,logistic,,1000,172.4,8.9,60.7,0.147,0,0,0,0,3,18,6,0,1,0,0.0
N3,sim,500,,awgn,-8.0,average,logistic,,1000,351.9,22.7,60.7,0.374,0,0,0,0,11,65,2,0,0,1,0.0
N3,sim,500,,awgn,-8.0,average,logistic,,1000,257.6,17.9,60.7,0.295,0,0,0,0,7,42,6,0,1,0,0.0
N3,sim,500,,awgn,-8.0,average,logistic,,1000,323.9,24.7,60.7,0.407,0,0,0,0,11,64,1,0,0,1,0.0
N3,sim,500,,awgn,-8.0,average,logistic,,1000,321.1,24.9,60.7,0.41,0,0,0,0,11,63,0,0,0,1,0.0
N3,sim,500,,awgn,-8.0,average,logistic,,1000,319.6,25.0,60.7,0.412,0,0,0,0,11,63,0,0,0,1,0.0
N3,sim,500,,awgn,-8.0,average,logistic,,1000,319.7,25.0,60.7,0.412,0,0,0,0,11,63,0,0,0,1,0.0
N3,sim,500,,awgn,-8.0,average,logistic,,1000,231.0,16.1,60.7,0.265,0,0,0,0,6,36,7,0,1,0,0.0
N3,sim,500,,awgn,-8.0,average,logistic,,1000,324.5,24.7,60.7,0.406,0,0,0,0,11,64,1,0,0,1,0.0
N3,sim,500,,awgn,-8.0,average,logistic,,1000,218.1,13.5,60.7,0.222,0,0,0,0,5,30,7,0,1,0,0.0
N3,sim,500,,awgn,-8.0,average,logistic,,1000,319.7,25.0,60.7,0.412,0,0,0,0,11,63,0,0,0,1,0.0
N3,sim,500,,awgn,-8.0,average,logistic,,1000,324.1,24.7,60.7,0.406,0,0,0,0,11,64,1,0,0,1,0.0
N3,sim,500,,awgn,-8.0,average,logistic,,1000,254.7,15.1,60.7,0.248,0,0,0,0,6,36,6,0,1,0,0.0
N3,sim,500,,awgn,-8.0,average,logistic,,1000,329.0,24.3,60.7,0.4,0,0,0,0,12,64,1,0,0,1,0.0
N3,sim,500,,awgn,-8.0,average,logistic,,1000,324.0,24.7,60.7,0.407,0,0,0,0,11,64,1,0,0,1,0.0
N3,sim,500,,awgn,-8.0,average,logistic,,1000,322.8,24.8,60.7,0.408,0,0,0,0,11,64,1,0,0,1,0.0
N3,sim,500,,awgn,-8.0,average,logistic,,1000,349.4,22.9,60.7,0.377,0,0,0,0,11,64,1,0,0,1,0.0
N3,sim,500,,awgn,-8.0,average,logistic,,1000,320.8,24.9,60.7,0.411,0,0,0,0,11,63,0,0,0,1,0.0
N3,sim,500,,awgn,-8.0,average,logistic,,1000,325.2,24.6,60.7,0.405,0,0,0,0,11,64,1,0,0,1,0.0
N3,sim,500,,awgn,-8.0,average,logistic,,1000,319.8,25.0,60.7,0.412,0,0,0,0,11,63,0,0,0,1,0.0
