policy,engine,run,bandwidth_hz,channel,snr_db,pipe,floor_cap,first_trial,sessions,connected,lines,delivered,lost,drops,stalls,median_s,p90_s,mean_s,reply_median_s,reply_p90_s,follow_up_median_s,follow_up_p90_s,keyed_per_line_s,duty,polls_per_line,turns_per_line,requests_per_line
base,before,grid,2300,awgn,-12.0,fading,1,0,30,30,457,457,0,0,0,31.9,47.9,31.3,35.1,49.5,10.7,16.1,32.93,0.689,1.298,0.796,0.0
base,before,grid,2300,awgn,-6.0,fading,1,0,30,30,457,457,0,0,0,21.3,28.4,19.6,22.9,29.3,5.4,9.6,21.31,0.591,1.298,0.796,0.0
base,before,grid,2300,awgn,0.0,fading,1,0,30,30,457,457,0,0,0,7.6,12.9,7.6,8.5,13.4,2.1,3.2,4.91,0.204,1.748,0.796,0.0
base,before,grid,2300,awgn,6.0,fading,1,0,30,30,457,457,0,0,0,6.8,12.0,6.6,7.8,12.4,1.1,1.2,3.77,0.163,1.761,0.796,0.0
base,before,grid,2300,awgn,12.0,fading,1,0,30,30,457,457,0,0,0,6.3,11.5,6.2,7.2,11.8,1.1,1.1,3.34,0.147,1.761,0.796,0.0
base,before,grid,2300,good,-12.0,fading,1,0,30,30,457,455,2,1,0,40.9,65.0,42.3,43.6,67.0,26.0,45.9,43.9,0.746,1.755,0.886,0.0
base,before,grid,2300,good,-6.0,fading,1,0,30,30,457,447,10,1,0,24.5,38.7,24.5,26.4,39.5,6.8,17.9,25.51,0.636,1.372,0.79,0.0
base,before,grid,2300,good,0.0,fading,1,0,30,30,457,457,0,0,0,12.1,24.7,13.3,13.6,25.7,5.4,9.6,11.88,0.398,1.742,0.816,0.0
base,before,grid,2300,good,6.0,fading,1,0,30,30,457,457,0,0,0,7.2,12.8,7.2,8.4,13.0,1.1,3.1,4.31,0.182,1.77,0.801,0.0
base,before,grid,2300,good,12.0,fading,1,0,30,30,457,457,0,0,0,6.6,11.8,6.5,7.4,11.9,1.1,3.1,3.58,0.156,1.764,0.801,0.0
base,before,grid,2300,moderate,-12.0,fading,1,0,30,30,457,457,0,0,0,34.3,53.1,35.0,36.6,54.9,19.5,36.4,36.51,0.709,1.341,0.805,0.0
base,before,grid,2300,moderate,-6.0,fading,1,0,30,30,457,457,0,0,0,22.0,29.8,20.7,23.6,31.0,5.4,14.9,22.43,0.602,1.298,0.796,0.0
base,before,grid,2300,moderate,0.0,fading,1,0,30,30,457,457,0,0,0,11.2,22.4,12.5,13.0,24.0,4.2,8.4,10.66,0.368,1.729,0.832,0.0
base,before,grid,2300,moderate,6.0,fading,1,0,30,30,457,457,0,0,0,7.2,12.5,7.2,8.3,12.7,1.1,3.2,4.28,0.181,1.772,0.799,0.0
base,before,grid,2300,moderate,12.0,fading,1,0,30,30,457,457,0,0,0,6.5,11.7,6.3,7.3,11.9,1.1,3.1,3.46,0.152,1.761,0.796,0.0
base,before,grid,2300,poor,-12.0,fading,1,0,30,30,457,457,0,0,0,32.0,49.3,32.5,35.2,51.5,14.2,26.8,34.06,0.695,1.304,0.796,0.0
base,before,grid,2300,poor,-6.0,fading,1,0,30,30,457,457,0,0,0,22.2,31.1,21.2,23.8,32.0,5.4,14.9,22.85,0.606,1.298,0.796,0.0
base,before,grid,2300,poor,0.0,fading,1,0,30,30,457,457,0,0,0,11.0,21.0,11.5,12.5,21.6,4.2,6.3,9.28,0.331,1.794,0.864,0.0
base,before,grid,2300,poor,6.0,fading,1,0,30,30,457,457,0,0,0,7.2,12.4,7.0,8.1,12.7,1.1,3.1,4.09,0.174,1.761,0.801,0.0
base,before,grid,2300,poor,12.0,fading,1,0,30,30,457,457,0,0,0,6.4,11.6,6.3,7.2,11.8,1.1,3.1,3.48,0.152,1.761,0.796,0.0
base,before,grid,500,awgn,-12.0,fading,1,0,30,30,457,457,0,0,0,31.9,47.9,31.8,35.1,49.5,14.2,21.5,33.41,0.692,1.298,0.796,0.0
base,before,grid,500,awgn,-6.0,fading,1,0,30,30,457,457,0,0,0,26.8,37.2,24.8,28.4,37.7,9.6,10.9,26.56,0.642,1.298,0.796,0.0
base,before,grid,500,awgn,0.0,fading,1,0,30,30,457,457,0,0,0,11.4,17.8,11.0,12.7,18.4,3.2,4.2,7.95,0.289,1.761,0.796,0.0
base,before,grid,500,awgn,6.0,fading,1,0,30,30,457,457,0,0,0,7.8,13.1,7.5,8.7,13.5,1.8,2.1,4.72,0.196,1.761,0.796,0.0
base,before,grid,500,awgn,12.0,fading,1,0,30,30,457,457,0,0,0,6.7,11.9,6.6,7.8,12.4,1.1,2.1,3.76,0.163,1.761,0.796,0.0
base,before,grid,500,good,-12.0,fading,1,0,30,30,457,455,2,1,0,40.6,64.7,42.0,43.5,67.0,26.8,47.7,43.75,0.746,1.733,0.897,0.0
base,before,grid,500,good,-6.0,fading,1,0,30,30,457,417,40,3,0,28.7,43.3,28.9,30.7,44.1,10.7,22.3,27.97,0.667,1.271,0.733,0.0
base,before,grid,500,good,0.0,fading,1,0,30,30,457,444,13,1,0,17.7,32.6,18.5,20.2,33.7,6.0,14.8,17.1,0.502,1.969,0.805,0.0
base,before,grid,500,good,6.0,fading,1,0,30,30,457,457,0,0,0,9.7,16.3,9.9,11.3,16.8,3.1,6.4,6.97,0.264,1.818,0.814,0.0
base,before,grid,500,good,12.0,fading,1,0,30,30,457,457,0,0,0,7.3,12.8,7.3,8.4,12.9,1.5,3.2,4.37,0.183,1.781,0.803,0.0
base,before,grid,500,moderate,-12.0,fading,1,0,30,30,457,457,0,0,0,34.5,53.1,35.2,36.6,54.8,21.5,36.4,36.78,0.711,1.328,0.805,0.0
base,before,grid,500,moderate,-6.0,fading,1,0,30,30,457,457,0,0,0,26.9,37.7,25.8,28.6,38.4,10.7,20.3,27.47,0.649,1.298,0.796,0.0
base,before,grid,500,moderate,0.0,fading,1,0,30,30,457,457,0,0,0,21.0,35.4,21.3,23.9,36.7,6.4,14.9,20.46,0.541,1.81,0.88,0.0
base,before,grid,500,moderate,6.0,fading,1,0,30,30,457,457,0,0,0,9.8,17.3,10.3,11.1,17.7,3.2,5.7,7.37,0.275,1.775,0.823,0.0
base,before,grid,500,moderate,12.0,fading,1,0,30,30,457,457,0,0,0,7.3,12.6,7.4,8.4,12.8,2.1,4.2,4.42,0.185,1.764,0.796,0.0
base,before,grid,500,poor,-12.0,fading,1,0,30,30,457,457,0,0,0,32.3,49.3,33.2,35.2,51.7,20.3,31.0,34.77,0.699,1.298,0.796,0.0
base,before,grid,500,poor,-6.0,fading,1,0,30,30,457,457,0,0,0,26.8,37.6,25.4,28.4,38.5,10.7,20.3,27.11,0.647,1.298,0.796,0.0
base,before,grid,500,poor,0.0,fading,1,0,30,30,457,441,16,1,0,17.3,32.9,18.6,20.5,34.2,6.3,11.5,16.69,0.492,1.845,0.882,0.0
base,before,grid,500,poor,6.0,fading,1,0,30,30,457,457,0,0,0,8.8,15.0,8.9,10.1,15.4,3.1,5.3,5.97,0.235,1.764,0.812,0.0
base,before,grid,500,poor,12.0,fading,1,0,30,30,457,457,0,0,0,7.1,12.4,7.0,8.0,12.6,1.1,3.1,4.11,0.175,1.761,0.796,0.0
base,before,drops,2300,good,-12.0,fading,1,100,100,100,1534,1527,7,1,0,40.9,66.1,42.8,43.9,69.1,26.8,47.6,44.27,0.752,1.711,0.901,0.0
base,before,drops,2300,good,-6.0,fading,1,100,100,100,1534,1518,16,1,0,23.9,36.7,23.7,26.0,38.1,7.7,17.0,25.2,0.635,1.292,0.788,0.0
base,before,drops,2300,good,0.0,fading,1,100,100,100,1534,1534,0,0,0,12.3,24.6,13.4,14.0,25.7,5.3,8.1,12.44,0.418,1.696,0.797,0.0
base,before,drops,2300,moderate,-12.0,fading,1,100,100,100,1534,1534,0,0,0,34.1,51.7,34.4,36.5,53.4,20.2,36.4,36.11,0.71,1.308,0.8,0.0
base,before,drops,2300,moderate,-6.0,fading,1,100,100,100,1534,1534,0,0,0,21.7,30.3,20.7,23.3,31.2,5.5,14.9,22.44,0.605,1.272,0.787,0.0
base,before,drops,2300,moderate,0.0,fading,1,100,100,100,1534,1534,0,0,0,11.1,22.1,12.1,12.8,22.9,4.2,7.0,10.16,0.356,1.729,0.827,0.0
base,before,drops,2300,poor,-12.0,fading,1,100,100,100,1534,1534,0,0,0,32.1,49.5,32.5,34.9,50.9,16.1,31.0,34.1,0.697,1.271,0.788,0.0
base,before,drops,2300,poor,-6.0,fading,1,100,100,100,1534,1534,0,0,0,21.9,31.1,21.1,23.8,32.2,6.8,14.9,22.79,0.608,1.272,0.787,0.0
base,before,drops,2300,poor,0.0,fading,1,100,100,100,1534,1534,0,0,0,10.7,19.7,11.1,12.1,20.8,4.2,6.3,8.93,0.325,1.789,0.851,0.0
base,before,drops,500,good,-12.0,fading,1,100,100,100,1534,1523,11,2,0,41.4,66.1,43.1,43.6,68.8,26.8,50.2,44.54,0.753,1.728,0.898,0.0
base,before,drops,500,good,-6.0,fading,1,100,100,100,1534,1503,31,3,0,28.3,42.4,28.1,30.8,43.7,10.7,21.0,29.35,0.671,1.29,0.784,0.0
base,before,drops,500,good,0.0,fading,1,100,100,100,1534,1507,27,4,0,18.2,32.6,19.1,21.1,34.0,6.3,15.8,17.84,0.509,1.934,0.806,0.0
base,before,drops,500,moderate,-12.0,fading,1,100,100,100,1534,1534,0,0,0,34.3,52.2,34.9,36.5,53.6,21.5,36.4,36.44,0.711,1.319,0.797,0.0
base,before,drops,500,moderate,-6.0,fading,1,100,100,100,1534,1534,0,0,0,26.8,37.6,25.8,29.0,38.5,10.7,20.3,27.57,0.653,1.272,0.787,0.0
base,before,drops,500,moderate,0.0,fading,1,100,100,100,1534,1521,13,1,0,21.4,35.2,21.5,23.9,36.3,8.4,14.8,20.51,0.545,1.797,0.878,0.0
base,before,drops,500,poor,-12.0,fading,1,100,100,100,1534,1534,0,0,0,32.5,49.7,33.3,34.9,51.1,21.4,36.4,34.85,0.702,1.27,0.787,0.0
base,before,drops,500,poor,-6.0,fading,1,100,100,100,1534,1534,0,0,0,26.5,37.2,25.4,28.6,37.8,10.7,20.3,27.15,0.65,1.272,0.787,0.0
base,before,drops,500,poor,0.0,fading,1,100,100,100,1534,1513,21,3,0,17.6,32.4,18.8,20.4,33.3,6.3,11.7,16.93,0.486,1.857,0.904,0.0
base,before,drops200,2300,good,-12.0,fading,1,200,200,199,3041,3031,10,1,0,40.2,65.9,42.0,43.2,68.3,25.7,47.1,43.75,0.751,1.647,0.881,0.0
base,before,drops200,2300,good,-6.0,fading,1,200,200,200,3052,3017,35,3,0,24.0,37.3,24.1,26.2,38.8,7.3,16.8,25.45,0.636,1.308,0.787,0.0
base,before,drops200,2300,good,0.0,fading,1,200,200,200,3052,3052,0,0,0,12.5,25.4,13.7,14.5,26.3,5.3,9.5,12.83,0.426,1.668,0.797,0.0
base,before,drops200,2300,moderate,-12.0,fading,1,200,200,200,3052,3052,0,0,0,34.2,53.0,34.7,36.8,54.5,20.3,36.4,36.29,0.711,1.312,0.795,0.0
base,before,drops200,2300,moderate,-6.0,fading,1,200,200,200,3052,3052,0,0,0,21.8,30.0,20.5,23.4,31.1,5.4,14.9,22.23,0.603,1.27,0.783,0.0
base,before,drops200,2300,moderate,0.0,fading,1,200,200,200,3052,3052,0,0,0,11.2,22.6,12.3,12.8,24.0,4.6,7.4,10.27,0.358,1.74,0.828,0.0
base,before,drops200,2300,poor,-12.0,fading,1,200,200,200,3052,3052,0,0,0,32.8,49.8,32.7,35.1,51.5,16.1,31.0,34.29,0.698,1.27,0.783,0.0
base,before,drops200,2300,poor,-6.0,fading,1,200,200,200,3052,3052,0,0,0,21.9,30.6,20.8,23.5,31.4,5.4,14.9,22.49,0.605,1.27,0.783,0.0
base,before,drops200,2300,poor,0.0,fading,1,200,200,200,3052,3052,0,0,0,10.4,20.1,11.1,11.9,21.4,3.6,6.3,8.79,0.32,1.801,0.85,0.0
base,before,drops200,500,good,-12.0,fading,1,200,200,199,3041,3041,0,0,0,40.4,65.4,42.2,43.3,67.9,25.7,47.1,44.01,0.752,1.655,0.884,0.0
base,before,drops200,500,good,-6.0,fading,1,200,200,200,3052,2920,132,11,0,28.7,42.6,28.4,31.1,43.8,10.7,21.0,28.8,0.671,1.291,0.759,0.0
base,before,drops200,500,good,0.0,fading,1,200,200,200,3052,2974,78,10,0,18.4,33.8,19.4,21.3,34.7,6.0,14.9,18.05,0.514,1.907,0.802,0.0
base,before,drops200,500,moderate,-12.0,fading,1,200,200,200,3052,3052,0,0,0,34.5,53.2,35.1,36.8,54.5,21.5,36.4,36.71,0.713,1.311,0.794,0.0
base,before,drops200,500,moderate,-6.0,fading,1,200,200,200,3052,3044,8,1,0,27.1,38.2,25.9,29.2,38.9,10.7,20.3,27.58,0.653,1.271,0.782,0.0
base,before,drops200,500,moderate,0.0,fading,1,200,200,200,3052,3047,5,2,0,22.1,35.7,21.7,24.6,36.9,7.4,14.8,20.9,0.548,1.757,0.875,0.0
base,before,drops200,500,poor,-12.0,fading,1,200,200,200,3052,3052,0,0,0,33.1,50.0,33.5,35.1,51.9,20.3,36.4,35.01,0.702,1.269,0.784,0.0
base,before,drops200,500,poor,-6.0,fading,1,200,200,200,3052,3052,0,0,0,26.9,37.6,25.5,29.0,38.3,10.7,20.3,27.25,0.651,1.27,0.783,0.0
base,before,drops200,500,poor,0.0,fading,1,200,200,200,3052,3005,47,6,0,17.9,33.0,18.8,20.4,34.2,5.4,12.4,16.89,0.486,1.909,0.919,0.0
base,adr-0028,grid,2300,awgn,-12.0,fading,1,0,30,30,457,457,0,0,0,31.9,47.9,31.3,35.1,49.5,10.7,16.1,32.93,0.689,1.298,0.796,0.0
base,adr-0028,grid,2300,awgn,-6.0,fading,1,0,30,30,457,457,0,0,0,21.3,28.4,19.6,22.9,29.3,5.4,9.6,21.31,0.591,1.298,0.796,0.0
base,adr-0028,grid,2300,awgn,0.0,fading,1,0,30,30,457,457,0,0,0,7.6,12.9,7.6,8.5,13.4,2.1,3.2,4.91,0.204,1.748,0.796,0.0
base,adr-0028,grid,2300,awgn,6.0,fading,1,0,30,30,457,457,0,0,0,6.8,12.0,6.6,7.8,12.4,1.1,1.2,3.77,0.163,1.761,0.796,0.0
base,adr-0028,grid,2300,awgn,12.0,fading,1,0,30,30,457,457,0,0,0,6.3,11.5,6.2,7.2,11.8,1.1,1.1,3.34,0.147,1.761,0.796,0.0
base,adr-0028,grid,2300,good,-12.0,fading,1,0,30,30,457,457,0,0,0,38.6,59.9,40.3,41.3,62.1,23.9,43.4,42.59,0.75,1.276,0.928,0.0
base,adr-0028,grid,2300,good,-6.0,fading,1,0,30,30,457,457,0,0,0,24.4,37.6,24.0,26.2,38.7,10.7,17.8,25.59,0.631,1.311,0.812,0.0
base,adr-0028,grid,2300,good,0.0,fading,1,0,30,30,457,457,0,0,0,12.1,25.1,13.4,13.9,25.7,3.2,10.2,11.88,0.397,1.694,0.814,0.0
base,adr-0028,grid,2300,good,6.0,fading,1,0,30,30,457,457,0,0,0,7.2,12.8,7.2,8.4,12.9,1.1,3.1,4.29,0.181,1.772,0.801,0.0
base,adr-0028,grid,2300,good,12.0,fading,1,0,30,30,457,457,0,0,0,6.6,11.8,6.5,7.4,11.9,1.1,3.1,3.58,0.156,1.764,0.801,0.0
base,adr-0028,grid,2300,moderate,-12.0,fading,1,0,30,30,457,457,0,0,0,33.9,53.2,34.7,36.4,54.6,20.3,36.4,36.18,0.707,1.295,0.812,0.0
base,adr-0028,grid,2300,moderate,-6.0,fading,1,0,30,30,457,457,0,0,0,22.0,29.8,20.7,23.6,31.0,5.4,14.9,22.43,0.602,1.298,0.796,0.0
base,adr-0028,grid,2300,moderate,0.0,fading,1,0,30,30,457,457,0,0,0,10.8,22.7,12.5,13.2,24.2,4.8,8.4,10.9,0.375,1.661,0.829,0.0
base,adr-0028,grid,2300,moderate,6.0,fading,1,0,30,30,457,457,0,0,0,7.2,12.4,7.1,8.3,12.6,1.1,3.2,4.26,0.18,1.77,0.796,0.0
base,adr-0028,grid,2300,moderate,12.0,fading,1,0,30,30,457,457,0,0,0,6.5,11.7,6.3,7.3,11.9,1.1,3.1,3.46,0.152,1.761,0.796,0.0
base,adr-0028,grid,2300,poor,-12.0,fading,1,0,30,30,457,457,0,0,0,32.0,49.3,32.5,35.2,51.5,14.2,26.8,34.03,0.694,1.298,0.796,0.0
base,adr-0028,grid,2300,poor,-6.0,fading,1,0,30,30,457,457,0,0,0,22.2,31.1,21.2,23.8,32.0,5.4,14.9,22.85,0.606,1.298,0.796,0.0
base,adr-0028,grid,2300,poor,0.0,fading,1,0,30,30,457,457,0,0,0,10.6,21.2,11.6,12.7,22.0,4.2,6.3,9.56,0.34,1.713,0.856,0.0
base,adr-0028,grid,2300,poor,6.0,fading,1,0,30,30,457,457,0,0,0,7.2,12.4,7.0,8.1,12.7,1.1,3.1,4.09,0.174,1.761,0.801,0.0
base,adr-0028,grid,2300,poor,12.0,fading,1,0,30,30,457,457,0,0,0,6.4,11.6,6.3,7.2,11.8,1.1,3.1,3.48,0.152,1.761,0.796,0.0
base,adr-0028,grid,500,awgn,-12.0,fading,1,0,30,30,457,457,0,0,0,31.9,47.9,31.8,35.1,49.5,14.2,21.5,33.41,0.692,1.298,0.796,0.0
base,adr-0028,grid,500,awgn,-6.0,fading,1,0,30,30,457,457,0,0,0,26.8,37.2,24.8,28.4,37.7,9.6,10.9,26.56,0.642,1.298,0.796,0.0
base,adr-0028,grid,500,awgn,0.0,fading,1,0,30,30,457,457,0,0,0,11.4,17.8,11.0,12.7,18.4,3.2,4.2,7.95,0.289,1.761,0.796,0.0
base,adr-0028,grid,500,awgn,6.0,fading,1,0,30,30,457,457,0,0,0,7.8,13.1,7.5,8.7,13.5,1.8,2.1,4.72,0.196,1.761,0.796,0.0
base,adr-0028,grid,500,awgn,12.0,fading,1,0,30,30,457,457,0,0,0,6.7,11.9,6.6,7.8,12.4,1.1,2.1,3.76,0.163,1.761,0.796,0.0
base,adr-0028,grid,500,good,-12.0,fading,1,0,30,30,457,457,0,0,0,38.5,60.7,40.3,41.8,63.2,21.8,46.8,42.62,0.751,1.26,0.932,0.0
base,adr-0028,grid,500,good,-6.0,fading,1,0,30,30,457,441,16,2,0,28.6,43.1,28.7,30.6,44.1,10.7,22.0,29.25,0.664,1.287,0.786,0.0
base,adr-0028,grid,500,good,0.0,fading,1,0,30,30,457,457,0,0,0,16.8,34.5,18.4,19.2,35.9,5.4,14.4,17.28,0.495,1.799,0.84,0.0
base,adr-0028,grid,500,good,6.0,fading,1,0,30,30,457,457,0,0,0,9.7,16.7,9.9,11.0,17.6,2.6,7.4,7.01,0.265,1.829,0.805,0.0
base,adr-0028,grid,500,good,12.0,fading,1,0,30,30,457,457,0,0,0,7.3,12.8,7.3,8.4,12.9,1.5,4.0,4.37,0.183,1.777,0.803,0.0
base,adr-0028,grid,500,moderate,-12.0,fading,1,0,30,30,457,457,0,0,0,34.4,53.0,35.1,36.3,54.3,21.5,36.4,36.61,0.709,1.293,0.807,0.0
base,adr-0028,grid,500,moderate,-6.0,fading,1,0,30,30,457,457,0,0,0,26.9,37.7,25.8,28.6,38.4,10.7,20.3,27.47,0.649,1.298,0.796,0.0
base,adr-0028,grid,500,moderate,0.0,fading,1,0,30,30,457,457,0,0,0,21.9,35.1,21.7,24.8,37.3,6.3,13.8,20.85,0.546,1.624,0.884,0.0
base,adr-0028,grid,500,moderate,6.0,fading,1,0,30,30,457,457,0,0,0,9.9,16.9,10.3,11.3,17.4,4.2,5.9,7.38,0.276,1.772,0.814,0.0
base,adr-0028,grid,500,moderate,12.0,fading,1,0,30,30,457,457,0,0,0,7.3,12.6,7.4,8.4,12.8,2.1,4.2,4.42,0.185,1.764,0.796,0.0
base,adr-0028,grid,500,poor,-12.0,fading,1,0,30,30,457,457,0,0,0,32.3,49.3,33.2,35.2,51.7,20.3,31.0,34.77,0.699,1.298,0.796,0.0
base,adr-0028,grid,500,poor,-6.0,fading,1,0,30,30,457,457,0,0,0,26.8,37.6,25.4,28.4,38.5,10.7,20.3,27.11,0.647,1.298,0.796,0.0
base,adr-0028,grid,500,poor,0.0,fading,1,0,30,30,457,457,0,0,0,17.2,32.7,18.3,20.1,33.8,5.4,10.7,16.55,0.475,1.832,0.947,0.0
base,adr-0028,grid,500,poor,6.0,fading,1,0,30,30,457,457,0,0,0,8.9,15.0,8.9,10.2,15.3,3.1,5.3,6.03,0.237,1.764,0.81,0.0
base,adr-0028,grid,500,poor,12.0,fading,1,0,30,30,457,457,0,0,0,7.1,12.4,7.0,8.0,12.6,1.1,3.1,4.11,0.175,1.761,0.796,0.0
base,adr-0028,drops,2300,good,-12.0,fading,1,100,100,100,1534,1534,0,0,0,38.3,62.6,40.6,40.7,64.2,25.7,43.4,42.59,0.747,1.316,0.907,0.0
base,adr-0028,drops,2300,good,-6.0,fading,1,100,100,100,1534,1534,0,0,0,24.1,36.1,23.6,26.0,37.9,8.2,16.1,25.37,0.634,1.28,0.795,0.0
base,adr-0028,drops,2300,good,0.0,fading,1,100,100,100,1534,1534,0,0,0,12.7,25.1,13.7,14.4,25.9,5.3,9.4,12.83,0.427,1.611,0.797,0.0
base,adr-0028,drops,2300,moderate,-12.0,fading,1,100,100,100,1534,1534,0,0,0,33.7,51.7,34.3,36.4,52.9,20.3,36.4,35.93,0.709,1.274,0.801,0.0
base,adr-0028,drops,2300,moderate,-6.0,fading,1,100,100,100,1534,1534,0,0,0,21.7,30.3,20.7,23.3,31.2,5.5,14.9,22.44,0.605,1.272,0.787,0.0
base,adr-0028,drops,2300,moderate,0.0,fading,1,100,100,100,1534,1534,0,0,0,11.3,22.2,12.2,12.9,23.2,4.2,7.1,10.28,0.359,1.704,0.839,0.0
base,adr-0028,drops,2300,poor,-12.0,fading,1,100,100,100,1534,1534,0,0,0,32.1,49.5,32.5,34.9,50.9,16.1,31.0,34.1,0.697,1.271,0.788,0.0
base,adr-0028,drops,2300,poor,-6.0,fading,1,100,100,100,1534,1534,0,0,0,21.9,31.1,21.1,23.8,32.2,6.8,14.9,22.79,0.608,1.272,0.787,0.0
base,adr-0028,drops,2300,poor,0.0,fading,1,100,100,100,1534,1534,0,0,0,10.5,19.7,11.0,12.0,20.8,4.2,6.3,8.7,0.317,1.779,0.855,0.0
base,adr-0028,drops,500,good,-12.0,fading,1,100,100,100,1534,1534,0,0,0,38.3,62.9,40.6,40.9,64.6,26.8,45.2,42.72,0.749,1.306,0.904,0.0
base,adr-0028,drops,500,good,-6.0,fading,1,100,100,100,1534,1518,16,2,0,28.4,42.7,28.2,30.8,43.9,10.7,21.3,29.62,0.67,1.28,0.805,0.0
base,adr-0028,drops,500,good,0.0,fading,1,100,100,100,1534,1525,9,2,0,18.2,32.6,19.1,21.0,33.5,6.8,14.4,18.3,0.515,1.678,0.82,0.0
base,adr-0028,drops,500,moderate,-12.0,fading,1,100,100,100,1534,1534,0,0,0,34.2,52.3,34.7,36.5,53.6,21.5,36.4,36.33,0.71,1.276,0.8,0.0
base,adr-0028,drops,500,moderate,-6.0,fading,1,100,100,100,1534,1534,0,0,0,26.8,37.6,25.8,29.0,38.5,10.7,20.3,27.57,0.653,1.272,0.787,0.0
base,adr-0028,drops,500,moderate,0.0,fading,1,100,100,100,1534,1531,3,1,0,21.4,34.4,21.4,24.0,35.5,7.8,14.8,20.66,0.546,1.57,0.879,0.0
base,adr-0028,drops,500,poor,-12.0,fading,1,100,100,100,1534,1534,0,0,0,32.5,49.7,33.3,34.9,51.1,21.4,36.4,34.85,0.702,1.27,0.787,0.0
base,adr-0028,drops,500,poor,-6.0,fading,1,100,100,100,1534,1534,0,0,0,26.5,37.2,25.4,28.6,37.8,10.7,20.3,27.15,0.65,1.272,0.787,0.0
base,adr-0028,drops,500,poor,0.0,fading,1,100,100,100,1534,1534,0,0,0,17.4,32.1,18.4,19.7,33.0,6.3,10.9,16.58,0.477,1.774,0.949,0.0
base,adr-0028,drops200,2300,good,-12.0,fading,1,200,200,199,3041,3041,0,0,0,38.0,61.4,39.8,41.2,63.2,23.2,41.7,41.93,0.747,1.281,0.884,0.0
base,adr-0028,drops200,2300,good,-6.0,fading,1,200,200,200,3052,3052,0,0,0,23.9,36.8,23.9,26.1,38.3,7.3,16.8,25.57,0.635,1.278,0.795,0.0
base,adr-0028,drops200,2300,good,0.0,fading,1,200,200,200,3052,3052,0,0,0,12.2,25.1,13.5,14.2,26.1,5.3,9.1,12.53,0.42,1.607,0.797,0.0
base,adr-0028,drops200,2300,moderate,-12.0,fading,1,200,200,200,3052,3052,0,0,0,34.0,52.8,34.5,36.6,54.3,20.3,36.4,36.15,0.71,1.272,0.796,0.0
base,adr-0028,drops200,2300,moderate,-6.0,fading,1,200,200,200,3052,3052,0,0,0,21.8,30.0,20.5,23.4,31.1,5.4,14.9,22.23,0.603,1.27,0.783,0.0
base,adr-0028,drops200,2300,moderate,0.0,fading,1,200,200,200,3052,3052,0,0,0,11.4,22.8,12.4,13.0,24.2,4.7,7.5,10.43,0.362,1.701,0.821,0.0
base,adr-0028,drops200,2300,poor,-12.0,fading,1,200,200,200,3052,3052,0,0,0,32.8,49.8,32.7,35.1,51.5,16.1,31.0,34.29,0.698,1.27,0.783,0.0
base,adr-0028,drops200,2300,poor,-6.0,fading,1,200,200,200,3052,3052,0,0,0,21.9,30.6,20.8,23.5,31.4,5.4,14.9,22.49,0.605,1.27,0.783,0.0
base,adr-0028,drops200,2300,poor,0.0,fading,1,200,200,200,3052,3052,0,0,0,10.5,20.3,11.1,11.9,21.3,3.3,6.3,8.76,0.319,1.76,0.845,0.0
base,adr-0028,drops200,500,good,-12.0,fading,1,200,200,199,3041,3039,2,1,0,38.2,61.4,40.1,41.3,63.3,23.6,41.7,42.24,0.748,1.277,0.881,0.0
base,adr-0028,drops200,500,good,-6.0,fading,1,200,200,200,3052,3026,26,4,0,28.7,42.7,28.5,30.9,43.9,10.7,21.5,29.85,0.669,1.283,0.798,0.0
base,adr-0028,drops200,500,good,0.0,fading,1,200,200,200,3052,3020,32,3,0,18.4,33.8,19.4,21.3,34.9,5.5,15.5,18.28,0.516,1.708,0.812,0.0
base,adr-0028,drops200,500,moderate,-12.0,fading,1,200,200,200,3052,3052,0,0,0,34.3,52.8,34.9,36.7,54.3,21.5,36.4,36.56,0.712,1.27,0.796,0.0
base,adr-0028,drops200,500,moderate,-6.0,fading,1,200,200,200,3052,3052,0,0,0,27.1,38.2,25.9,29.2,38.9,10.7,20.3,27.66,0.654,1.271,0.783,0.0
base,adr-0028,drops200,500,moderate,0.0,fading,1,200,200,200,3052,3050,2,1,0,21.7,35.3,21.5,24.3,36.6,7.4,14.8,20.81,0.549,1.547,0.885,0.0
base,adr-0028,drops200,500,poor,-12.0,fading,1,200,200,200,3052,3052,0,0,0,33.1,50.0,33.5,35.1,51.8,20.3,36.4,35.01,0.702,1.269,0.784,0.0
base,adr-0028,drops200,500,poor,-6.0,fading,1,200,200,200,3052,3052,0,0,0,26.9,37.6,25.5,29.0,38.3,10.7,20.3,27.25,0.651,1.27,0.783,0.0
base,adr-0028,drops200,500,poor,0.0,fading,1,200,200,200,3052,3034,18,2,0,17.9,32.4,18.7,20.7,33.8,6.3,11.6,17.07,0.489,1.739,0.929,0.0
base,adr-0030,drops,2300,good,-12.0,fading,1,100,100,100,1534,1522,12,1,0,38.4,63.3,40.7,41.0,64.8,26.4,46.0,42.65,0.752,1.304,0.915,0.0
base,adr-0030,drops,2300,good,-6.0,fading,1,100,100,100,1534,1534,0,0,0,24.1,36.1,23.6,26.1,37.7,7.5,16.5,25.39,0.634,1.281,0.795,0.0
base,adr-0030,drops,2300,good,0.0,fading,1,100,100,100,1534,1534,0,0,0,12.6,25.1,13.6,14.4,25.9,5.4,9.5,12.77,0.425,1.62,0.8,0.0
base,adr-0030,drops,2300,moderate,-12.0,fading,1,100,100,100,1534,1534,0,0,0,33.9,51.7,34.3,36.4,53.3,19.8,36.4,35.96,0.71,1.273,0.799,0.0
base,adr-0030,drops,2300,moderate,-6.0,fading,1,100,100,100,1534,1534,0,0,0,21.7,30.3,20.7,23.3,31.2,5.5,14.9,22.44,0.605,1.272,0.787,0.0
base,adr-0030,drops,2300,moderate,0.0,fading,1,100,100,100,1534,1534,0,0,0,11.4,22.2,12.2,13.1,23.2,4.2,7.3,10.33,0.361,1.692,0.831,0.0
base,adr-0030,drops,2300,poor,-12.0,fading,1,100,100,100,1534,1534,0,0,0,32.1,49.5,32.5,34.9,50.9,16.1,31.0,34.1,0.697,1.271,0.788,0.0
base,adr-0030,drops,2300,poor,-6.0,fading,1,100,100,100,1534,1534,0,0,0,21.9,31.1,21.1,23.8,32.2,6.8,14.9,22.79,0.608,1.272,0.787,0.0
base,adr-0030,drops,2300,poor,0.0,fading,1,100,100,100,1534,1534,0,0,0,10.5,19.7,11.0,12.0,20.6,4.2,6.3,8.78,0.32,1.768,0.849,0.0
base,adr-0030,drops,500,good,-12.0,fading,1,100,100,100,1534,1522,12,1,0,38.5,63.6,40.8,41.2,65.5,26.6,46.5,42.68,0.751,1.304,0.902,0.0
base,adr-0030,drops,500,good,-6.0,fading,1,100,100,100,1534,1518,16,2,0,28.4,42.5,28.2,30.7,43.9,10.7,21.5,29.6,0.67,1.28,0.799,0.0
base,adr-0030,drops,500,good,0.0,fading,1,100,100,100,1534,1525,9,2,0,18.1,32.6,19.1,21.0,33.5,6.3,13.9,18.22,0.513,1.698,0.821,0.0
base,adr-0030,drops,500,moderate,-12.0,fading,1,100,100,100,1534,1534,0,0,0,34.1,52.2,34.7,36.4,53.6,21.5,36.4,36.31,0.711,1.278,0.797,0.0
base,adr-0030,drops,500,moderate,-6.0,fading,1,100,100,100,1534,1534,0,0,0,26.8,37.6,25.8,29.0,38.5,10.7,20.3,27.57,0.653,1.272,0.787,0.0
base,adr-0030,drops,500,moderate,0.0,fading,1,100,100,100,1534,1534,0,0,0,21.5,34.8,21.3,24.0,35.7,8.0,14.8,20.55,0.544,1.606,0.886,0.0
base,adr-0030,drops,500,poor,-12.0,fading,1,100,100,100,1534,1534,0,0,0,32.5,49.7,33.3,34.9,51.1,21.4,36.4,34.85,0.702,1.27,0.787,0.0
base,adr-0030,drops,500,poor,-6.0,fading,1,100,100,100,1534,1534,0,0,0,26.5,37.2,25.4,28.6,37.8,10.7,20.3,27.15,0.65,1.272,0.787,0.0
base,adr-0030,drops,500,poor,0.0,fading,1,100,100,100,1534,1512,22,3,0,17.3,32.4,18.6,19.7,34.1,6.3,11.6,16.68,0.481,1.742,0.934,0.0
base,adr-0030,drops200,2300,good,-12.0,fading,1,200,200,199,3041,3030,11,1,0,38.1,62.1,40.2,41.6,63.6,22.8,42.4,42.2,0.749,1.283,0.887,0.0
base,adr-0030,drops200,2300,good,-6.0,fading,1,200,200,200,3052,3052,0,0,0,23.9,36.7,23.9,26.1,38.2,7.4,16.6,25.59,0.636,1.278,0.794,0.0
base,adr-0030,drops200,2300,good,0.0,fading,1,200,200,200,3052,3052,0,0,0,12.3,25.3,13.6,14.3,26.3,5.3,9.0,12.66,0.423,1.604,0.797,0.0
base,adr-0030,drops200,2300,moderate,-12.0,fading,1,200,200,200,3052,3052,0,0,0,33.9,52.9,34.5,36.4,54.3,20.3,36.4,36.14,0.71,1.273,0.797,0.0
base,adr-0030,drops200,2300,moderate,-6.0,fading,1,200,200,200,3052,3052,0,0,0,21.8,30.0,20.5,23.4,31.1,5.4,14.9,22.23,0.603,1.27,0.783,0.0
base,adr-0030,drops200,2300,moderate,0.0,fading,1,200,200,200,3052,3052,0,0,0,11.5,22.4,12.2,12.9,23.4,4.2,7.4,10.25,0.358,1.702,0.829,0.0
base,adr-0030,drops200,2300,poor,-12.0,fading,1,200,200,200,3052,3052,0,0,0,32.8,49.8,32.7,35.1,51.5,16.1,31.0,34.3,0.698,1.27,0.783,0.0
base,adr-0030,drops200,2300,poor,-6.0,fading,1,200,200,200,3052,3052,0,0,0,21.9,30.6,20.8,23.5,31.4,5.4,14.9,22.49,0.605,1.27,0.783,0.0
base,adr-0030,drops200,2300,poor,0.0,fading,1,200,200,200,3052,3052,0,0,0,10.4,19.9,11.1,12.0,20.9,4.2,6.3,8.74,0.318,1.762,0.849,0.0
base,adr-0030,drops200,500,good,-12.0,fading,1,200,200,199,3041,3017,24,2,0,38.1,62.0,40.3,41.7,63.6,24.3,43.0,42.28,0.751,1.264,0.871,0.0
base,adr-0030,drops200,500,good,-6.0,fading,1,200,200,200,3052,2998,54,6,0,28.6,42.5,28.4,30.8,43.7,10.7,21.5,29.51,0.669,1.27,0.791,0.0
base,adr-0030,drops200,500,good,0.0,fading,1,200,200,200,3052,3006,46,6,0,18.2,33.6,19.1,21.0,34.7,5.4,15.2,17.9,0.51,1.715,0.809,0.0
base,adr-0030,drops200,500,moderate,-12.0,fading,1,200,200,200,3052,3052,0,0,0,34.2,52.9,35.0,36.6,54.3,21.5,36.4,36.56,0.712,1.273,0.796,0.0
base,adr-0030,drops200,500,moderate,-6.0,fading,1,200,200,200,3052,3052,0,0,0,27.1,38.2,25.9,29.2,38.9,10.7,20.3,27.66,0.653,1.273,0.784,0.0
base,adr-0030,drops200,500,moderate,0.0,fading,1,200,200,200,3052,3052,0,0,0,21.7,35.6,21.5,24.2,36.8,6.8,14.4,20.83,0.55,1.575,0.883,0.0
base,adr-0030,drops200,500,poor,-12.0,fading,1,200,200,200,3052,3052,0,0,0,33.1,50.0,33.5,35.1,51.9,20.3,36.4,35.02,0.702,1.269,0.784,0.0
base,adr-0030,drops200,500,poor,-6.0,fading,1,200,200,200,3052,3052,0,0,0,26.9,37.6,25.5,29.0,38.3,10.7,20.3,27.25,0.651,1.27,0.783,0.0
base,adr-0030,drops200,500,poor,0.0,fading,1,200,200,200,3052,3021,31,4,0,17.6,32.9,18.7,20.1,34.3,5.4,11.5,16.92,0.485,1.724,0.927,0.0
base,adr-0030,missed-preambles,2300,good,-12.0,fading,1,100,100,100,1534,1436,98,15,0,44.7,78.2,47.8,48.0,80.2,26.4,58.6,47.89,0.787,1.271,0.879,0.0
base,adr-0030,missed-preambles,2300,good,-6.0,fading,1,100,100,100,1534,1521,13,1,0,24.9,44.6,26.5,26.9,47.1,7.3,17.5,27.87,0.656,1.279,0.795,0.0
base,adr-0030,missed-preambles,2300,good,0.0,fading,1,100,100,100,1534,1532,2,1,0,13.3,27.0,15.2,15.4,28.3,5.4,10.2,14.04,0.445,1.641,0.804,0.0
base,adr-0030,missed-preambles,2300,moderate,-12.0,fading,1,100,100,100,1534,1521,13,3,0,38.9,65.8,41.5,42.8,68.7,25.3,41.5,43.3,0.752,1.284,0.803,0.0
base,adr-0030,missed-preambles,2300,moderate,-6.0,fading,1,100,100,100,1534,1534,0,0,0,22.0,37.1,22.6,24.0,39.3,5.4,14.9,24.17,0.62,1.272,0.787,0.0
base,adr-0030,missed-preambles,2300,moderate,0.0,fading,1,100,100,100,1534,1516,18,2,0,12.2,24.3,13.7,13.7,25.7,5.4,10.7,11.38,0.383,1.717,0.817,0.0
base,adr-0030,missed-preambles,2300,poor,-12.0,fading,1,100,100,100,1534,1513,21,2,0,37.2,62.1,39.2,41.0,65.6,16.1,37.2,40.81,0.742,1.256,0.779,0.0
base,adr-0030,missed-preambles,2300,poor,-6.0,fading,1,100,100,100,1534,1534,0,0,0,22.2,38.3,23.1,24.3,39.9,6.9,14.9,24.66,0.624,1.272,0.787,0.0
base,adr-0030,missed-preambles,2300,poor,0.0,fading,1,100,100,100,1534,1513,21,3,0,10.9,21.0,11.9,12.2,22.2,4.2,9.1,9.1,0.325,1.784,0.844,0.0
base,adr-0030,missed-preambles,500,good,-12.0,fading,1,100,100,100,1534,1381,153,19,0,45.4,78.9,48.0,48.4,80.7,27.8,58.6,46.57,0.79,1.243,0.847,0.0
base,adr-0030,missed-preambles,500,good,-6.0,fading,1,100,100,100,1534,1499,35,3,0,29.8,55.0,32.7,33.0,57.1,10.7,26.4,33.68,0.701,1.283,0.799,0.0
base,adr-0030,missed-preambles,500,good,0.0,fading,1,100,100,100,1534,1412,122,14,3,19.9,39.6,22.2,22.8,41.7,8.1,19.9,20.29,0.538,1.836,0.766,0.0
base,adr-0030,missed-preambles,500,moderate,-12.0,fading,1,100,100,100,1534,1507,27,4,0,39.2,67.2,42.0,42.5,69.0,25.7,46.7,43.55,0.754,1.276,0.799,0.0
base,adr-0030,missed-preambles,500,moderate,-6.0,fading,1,100,100,100,1534,1523,11,1,0,28.5,49.0,30.2,31.4,51.4,10.7,25.4,31.86,0.687,1.263,0.784,0.0
base,adr-0030,missed-preambles,500,moderate,0.0,fading,1,100,100,100,1534,1475,59,8,0,22.6,41.2,23.8,25.1,42.5,8.4,22.6,21.76,0.559,1.643,0.857,0.0
base,adr-0030,missed-preambles,500,poor,-12.0,fading,1,100,100,100,1534,1513,21,2,0,38.6,65.4,41.1,41.1,67.4,25.7,47.9,42.67,0.75,1.255,0.778,0.0
base,adr-0030,missed-preambles,500,poor,-6.0,fading,1,100,100,100,1534,1523,11,1,0,28.5,48.0,30.0,31.5,50.4,10.7,26.4,31.58,0.685,1.263,0.784,0.0
base,adr-0030,missed-preambles,500,poor,0.0,fading,1,100,100,100,1534,1371,163,21,0,18.4,37.0,20.8,20.8,39.7,7.8,16.7,16.7,0.49,1.739,0.869,0.0
base,adr-0030+adr-0028,grid,2300,awgn,-12.0,fading,1,0,30,30,457,457,0,0,0,31.9,47.9,31.3,35.1,49.5,10.7,16.1,32.93,0.689,1.298,0.796,0.0
base,adr-0030+adr-0028,grid,2300,awgn,-6.0,fading,1,0,30,30,457,457,0,0,0,21.3,28.4,19.6,22.9,29.3,5.4,9.6,21.31,0.591,1.298,0.796,0.0
base,adr-0030+adr-0028,grid,2300,awgn,0.0,fading,1,0,30,30,457,457,0,0,0,7.6,12.9,7.6,8.5,13.4,2.1,3.2,4.91,0.204,1.748,0.796,0.0
base,adr-0030+adr-0028,grid,2300,awgn,6.0,fading,1,0,30,30,457,457,0,0,0,6.8,12.0,6.6,7.8,12.4,1.1,1.2,3.77,0.163,1.761,0.796,0.0
base,adr-0030+adr-0028,grid,2300,awgn,12.0,fading,1,0,30,30,457,457,0,0,0,6.3,11.5,6.2,7.2,11.8,1.1,1.1,3.34,0.147,1.761,0.796,0.0
base,adr-0030+adr-0028,grid,2300,good,-12.0,fading,1,0,30,30,457,447,10,1,0,38.5,60.4,40.4,41.3,62.4,23.9,43.7,41.75,0.749,1.254,0.917,0.0
base,adr-0030+adr-0028,grid,2300,good,-6.0,fading,1,0,30,30,457,457,0,0,0,24.4,37.8,24.0,26.2,38.7,10.7,17.8,25.64,0.632,1.306,0.812,0.0
base,adr-0030+adr-0028,grid,2300,good,0.0,fading,1,0,30,30,457,457,0,0,0,11.8,24.5,13.3,14.0,25.5,3.2,10.2,11.83,0.397,1.687,0.814,0.0
base,adr-0030+adr-0028,grid,2300,good,6.0,fading,1,0,30,30,457,457,0,0,0,7.2,12.8,7.2,8.4,12.9,1.1,3.1,4.29,0.181,1.772,0.801,0.0
base,adr-0030+adr-0028,grid,2300,good,12.0,fading,1,0,30,30,457,457,0,0,0,6.6,11.8,6.5,7.4,11.9,1.1,3.1,3.58,0.156,1.764,0.801,0.0
base,adr-0030+adr-0028,grid,2300,moderate,-12.0,fading,1,0,30,30,457,457,0,0,0,33.9,53.2,34.7,36.4,54.6,20.3,36.4,36.18,0.707,1.295,0.812,0.0
base,adr-0030+adr-0028,grid,2300,moderate,-6.0,fading,1,0,30,30,457,457,0,0,0,22.0,29.8,20.7,23.6,31.0,5.4,14.9,22.43,0.602,1.298,0.796,0.0
base,adr-0030+adr-0028,grid,2300,moderate,0.0,fading,1,0,30,30,457,457,0,0,0,10.9,22.5,12.4,13.3,24.1,5.3,8.4,10.81,0.373,1.676,0.818,0.0
base,adr-0030+adr-0028,grid,2300,moderate,6.0,fading,1,0,30,30,457,457,0,0,0,7.2,12.4,7.1,8.3,12.6,1.1,3.2,4.26,0.18,1.77,0.796,0.0
base,adr-0030+adr-0028,grid,2300,moderate,12.0,fading,1,0,30,30,457,457,0,0,0,6.5,11.7,6.3,7.3,11.9,1.1,3.1,3.46,0.152,1.761,0.796,0.0
base,adr-0030+adr-0028,grid,2300,poor,-12.0,fading,1,0,30,30,457,457,0,0,0,32.0,49.3,32.5,35.2,51.5,14.2,26.8,34.03,0.694,1.298,0.796,0.0
base,adr-0030+adr-0028,grid,2300,poor,-6.0,fading,1,0,30,30,457,457,0,0,0,22.2,31.1,21.2,23.8,32.0,5.4,14.9,22.85,0.606,1.298,0.796,0.0
base,adr-0030+adr-0028,grid,2300,poor,0.0,fading,1,0,30,30,457,457,0,0,0,10.6,20.6,11.4,12.4,21.4,4.2,6.9,9.22,0.33,1.733,0.847,0.0
base,adr-0030+adr-0028,grid,2300,poor,6.0,fading,1,0,30,30,457,457,0,0,0,7.2,12.4,7.0,8.1,12.7,1.1,3.1,4.09,0.174,1.761,0.801,0.0
base,adr-0030+adr-0028,grid,2300,poor,12.0,fading,1,0,30,30,457,457,0,0,0,6.4,11.6,6.3,7.2,11.8,1.1,3.1,3.48,0.152,1.761,0.796,0.0
base,adr-0030+adr-0028,grid,500,awgn,-12.0,fading,1,0,30,30,457,457,0,0,0,31.9,47.9,31.8,35.1,49.5,14.2,21.5,33.41,0.692,1.298,0.796,0.0
base,adr-0030+adr-0028,grid,500,awgn,-6.0,fading,1,0,30,30,457,457,0,0,0,26.8,37.2,24.8,28.4,37.7,9.6,10.9,26.56,0.642,1.298,0.796,0.0
base,adr-0030+adr-0028,grid,500,awgn,0.0,fading,1,0,30,30,457,457,0,0,0,11.4,17.8,11.0,12.7,18.4,3.2,4.2,7.95,0.289,1.761,0.796,0.0
base,adr-0030+adr-0028,grid,500,awgn,6.0,fading,1,0,30,30,457,457,0,0,0,7.8,13.1,7.5,8.7,13.5,1.8,2.1,4.72,0.196,1.761,0.796,0.0
base,adr-0030+adr-0028,grid,500,awgn,12.0,fading,1,0,30,30,457,457,0,0,0,6.7,11.9,6.6,7.8,12.4,1.1,2.1,3.76,0.163,1.761,0.796,0.0
base,adr-0030+adr-0028,grid,500,good,-12.0,fading,1,0,30,30,457,457,0,0,0,38.5,61.1,40.3,41.8,63.0,21.5,47.9,42.67,0.751,1.267,0.941,0.0
base,adr-0030+adr-0028,grid,500,good,-6.0,fading,1,0,30,30,457,441,16,2,0,28.6,43.1,28.7,30.6,44.1,10.7,22.0,29.25,0.664,1.287,0.786,0.0
base,adr-0030+adr-0028,grid,500,good,0.0,fading,1,0,30,30,457,457,0,0,0,17.4,34.6,18.9,20.0,35.9,5.4,12.9,17.78,0.502,1.746,0.836,0.0
base,adr-0030+adr-0028,grid,500,good,6.0,fading,1,0,30,30,457,457,0,0,0,9.9,16.5,10.0,11.0,17.7,3.1,8.0,7.05,0.265,1.834,0.81,0.0
base,adr-0030+adr-0028,grid,500,good,12.0,fading,1,0,30,30,457,457,0,0,0,7.3,12.8,7.3,8.4,12.9,1.5,4.0,4.37,0.183,1.777,0.803,0.0
base,adr-0030+adr-0028,grid,500,moderate,-12.0,fading,1,0,30,30,457,457,0,0,0,34.4,53.0,35.1,36.3,54.3,21.5,36.4,36.61,0.709,1.293,0.807,0.0
base,adr-0030+adr-0028,grid,500,moderate,-6.0,fading,1,0,30,30,457,457,0,0,0,26.9,37.7,25.8,28.6,38.4,10.7,20.3,27.47,0.649,1.298,0.796,0.0
base,adr-0030+adr-0028,grid,500,moderate,0.0,fading,1,0,30,30,457,457,0,0,0,21.9,34.8,21.6,24.3,35.8,7.4,15.5,20.98,0.55,1.6,0.895,0.0
base,adr-0030+adr-0028,grid,500,moderate,6.0,fading,1,0,30,30,457,457,0,0,0,9.9,17.0,10.3,11.3,17.5,4.2,5.9,7.36,0.275,1.779,0.816,0.0
base,adr-0030+adr-0028,grid,500,moderate,12.0,fading,1,0,30,30,457,457,0,0,0,7.3,12.6,7.4,8.4,12.8,2.1,4.2,4.42,0.185,1.764,0.796,0.0
base,adr-0030+adr-0028,grid,500,poor,-12.0,fading,1,0,30,30,457,457,0,0,0,32.3,49.3,33.2,35.2,51.7,20.3,31.0,34.77,0.699,1.298,0.796,0.0
base,adr-0030+adr-0028,grid,500,poor,-6.0,fading,1,0,30,30,457,457,0,0,0,26.8,37.6,25.4,28.4,38.5,10.7,20.3,27.11,0.647,1.298,0.796,0.0
base,adr-0030+adr-0028,grid,500,poor,0.0,fading,1,0,30,30,457,457,0,0,0,17.2,33.0,18.5,20.0,34.1,6.3,11.2,16.45,0.469,1.821,0.98,0.0
base,adr-0030+adr-0028,grid,500,poor,6.0,fading,1,0,30,30,457,457,0,0,0,8.9,15.0,8.9,10.1,15.3,3.1,5.3,6.02,0.236,1.764,0.807,0.0
base,adr-0030+adr-0028,grid,500,poor,12.0,fading,1,0,30,30,457,457,0,0,0,7.1,12.4,7.0,8.0,12.6,1.1,3.1,4.11,0.175,1.761,0.796,0.0
base,adr-0030+adr-0028,drops,2300,good,-12.0,fading,1,100,100,100,1534,1532,2,1,0,38.1,62.1,40.6,40.7,64.1,25.7,43.6,42.59,0.748,1.312,0.903,0.0
base,adr-0030+adr-0028,drops,2300,good,-6.0,fading,1,100,100,100,1534,1534,0,0,0,24.1,36.1,23.6,26.0,37.9,8.2,16.1,25.37,0.634,1.28,0.795,0.0
base,adr-0030+adr-0028,drops,2300,good,0.0,fading,1,100,100,100,1534,1534,0,0,0,12.8,25.0,13.7,14.5,25.8,5.4,9.5,12.82,0.426,1.61,0.802,0.0
base,adr-0030+adr-0028,drops,2300,moderate,-12.0,fading,1,100,100,100,1534,1534,0,0,0,33.7,51.7,34.3,36.4,52.9,20.3,36.4,35.93,0.709,1.274,0.801,0.0
base,adr-0030+adr-0028,drops,2300,moderate,-6.0,fading,1,100,100,100,1534,1534,0,0,0,21.7,30.3,20.7,23.3,31.2,5.5,14.9,22.44,0.605,1.272,0.787,0.0
base,adr-0030+adr-0028,drops,2300,moderate,0.0,fading,1,100,100,100,1534,1534,0,0,0,11.3,22.2,12.2,13.0,23.1,4.2,7.1,10.24,0.358,1.701,0.837,0.0
base,adr-0030+adr-0028,drops,2300,poor,-12.0,fading,1,100,100,100,1534,1534,0,0,0,32.1,49.5,32.5,34.9,50.9,16.1,31.0,34.1,0.697,1.271,0.788,0.0
base,adr-0030+adr-0028,drops,2300,poor,-6.0,fading,1,100,100,100,1534,1534,0,0,0,21.9,31.1,21.1,23.8,32.2,6.8,14.9,22.79,0.608,1.272,0.787,0.0
base,adr-0030+adr-0028,drops,2300,poor,0.0,fading,1,100,100,100,1534,1534,0,0,0,10.6,19.4,11.0,12.0,20.4,4.2,6.3,8.72,0.318,1.773,0.848,0.0
base,adr-0030+adr-0028,drops,500,good,-12.0,fading,1,100,100,100,1534,1532,2,1,0,38.3,62.9,40.7,40.9,64.6,26.8,45.3,42.87,0.751,1.304,0.899,0.0
base,adr-0030+adr-0028,drops,500,good,-6.0,fading,1,100,100,100,1534,1514,20,3,0,28.4,42.6,28.3,30.8,43.9,10.7,21.3,29.59,0.67,1.284,0.808,0.0
base,adr-0030+adr-0028,drops,500,good,0.0,fading,1,100,100,100,1534,1525,9,2,0,18.0,32.6,19.0,20.9,33.6,6.3,14.7,18.15,0.513,1.685,0.817,0.0
base,adr-0030+adr-0028,drops,500,moderate,-12.0,fading,1,100,100,100,1534,1534,0,0,0,34.2,52.3,34.7,36.5,53.6,21.5,36.4,36.33,0.71,1.276,0.8,0.0
base,adr-0030+adr-0028,drops,500,moderate,-6.0,fading,1,100,100,100,1534,1534,0,0,0,26.8,37.6,25.8,29.0,38.5,10.7,20.3,27.57,0.653,1.272,0.787,0.0
base,adr-0030+adr-0028,drops,500,moderate,0.0,fading,1,100,100,100,1534,1534,0,0,0,21.7,34.2,21.4,24.1,35.3,7.9,14.4,20.69,0.547,1.587,0.885,0.0
base,adr-0030+adr-0028,drops,500,poor,-12.0,fading,1,100,100,100,1534,1534,0,0,0,32.5,49.7,33.3,34.9,51.1,21.4,36.4,34.85,0.702,1.27,0.787,0.0
base,adr-0030+adr-0028,drops,500,poor,-6.0,fading,1,100,100,100,1534,1534,0,0,0,26.5,37.2,25.4,28.6,37.8,10.7,20.3,27.15,0.65,1.272,0.787,0.0
base,adr-0030+adr-0028,drops,500,poor,0.0,fading,1,100,100,100,1534,1520,14,1,0,17.4,32.5,18.5,19.7,33.5,6.3,10.9,16.37,0.473,1.808,0.944,0.0
base,adr-0030+adr-0028,drops200,2300,good,-12.0,fading,1,200,200,199,3041,3030,11,1,0,37.9,62.0,39.8,41.1,63.7,23.3,41.7,41.8,0.746,1.274,0.886,0.0
base,adr-0030+adr-0028,drops200,2300,good,-6.0,fading,1,200,200,200,3052,3052,0,0,0,23.9,36.7,23.9,26.1,38.2,7.3,16.8,25.57,0.635,1.277,0.795,0.0
base,adr-0030+adr-0028,drops200,2300,good,0.0,fading,1,200,200,200,3052,3052,0,0,0,12.3,25.2,13.5,14.3,26.2,5.3,9.2,12.58,0.421,1.605,0.797,0.0
base,adr-0030+adr-0028,drops200,2300,moderate,-12.0,fading,1,200,200,200,3052,3052,0,0,0,34.0,52.8,34.5,36.6,54.3,20.3,36.4,36.13,0.71,1.272,0.796,0.0
base,adr-0030+adr-0028,drops200,2300,moderate,-6.0,fading,1,200,200,200,3052,3052,0,0,0,21.8,30.0,20.5,23.4,31.1,5.4,14.9,22.23,0.603,1.27,0.783,0.0
base,adr-0030+adr-0028,drops200,2300,moderate,0.0,fading,1,200,200,200,3052,3052,0,0,0,11.5,22.8,12.4,13.0,24.1,4.4,7.4,10.44,0.363,1.7,0.825,0.0
base,adr-0030+adr-0028,drops200,2300,poor,-12.0,fading,1,200,200,200,3052,3052,0,0,0,32.8,49.8,32.7,35.1,51.5,16.1,31.0,34.29,0.698,1.27,0.783,0.0
base,adr-0030+adr-0028,drops200,2300,poor,-6.0,fading,1,200,200,200,3052,3052,0,0,0,21.9,30.6,20.8,23.5,31.4,5.4,14.9,22.49,0.605,1.27,0.783,0.0
base,adr-0030+adr-0028,drops200,2300,poor,0.0,fading,1,200,200,200,3052,3052,0,0,0,10.4,20.3,11.1,11.9,21.3,3.4,6.3,8.76,0.319,1.76,0.848,0.0
base,adr-0030+adr-0028,drops200,500,good,-12.0,fading,1,200,200,199,3041,3028,13,2,0,38.1,61.7,40.2,41.3,63.6,24.3,41.7,42.22,0.749,1.269,0.879,0.0
base,adr-0030+adr-0028,drops200,500,good,-6.0,fading,1,200,200,200,3052,3026,26,4,0,28.6,42.7,28.5,30.9,43.9,10.7,21.5,29.85,0.669,1.282,0.798,0.0
base,adr-0030+adr-0028,drops200,500,good,0.0,fading,1,200,200,200,3052,3023,29,4,0,18.4,33.8,19.3,21.2,34.7,5.5,15.4,18.22,0.514,1.709,0.811,0.0
base,adr-0030+adr-0028,drops200,500,moderate,-12.0,fading,1,200,200,200,3052,3052,0,0,0,34.3,52.9,35.0,36.7,54.3,21.5,36.4,36.58,0.712,1.27,0.797,0.0
base,adr-0030+adr-0028,drops200,500,moderate,-6.0,fading,1,200,200,200,3052,3052,0,0,0,27.1,38.2,25.9,29.2,38.9,10.7,20.3,27.65,0.653,1.271,0.783,0.0
base,adr-0030+adr-0028,drops200,500,moderate,0.0,fading,1,200,200,200,3052,3045,7,3,0,21.8,35.2,21.4,24.2,36.5,7.4,14.4,20.66,0.546,1.563,0.884,0.0
base,adr-0030+adr-0028,drops200,500,poor,-12.0,fading,1,200,200,200,3052,3052,0,0,0,33.1,50.0,33.5,35.1,51.8,20.3,36.4,35.01,0.702,1.269,0.784,0.0
base,adr-0030+adr-0028,drops200,500,poor,-6.0,fading,1,200,200,200,3052,3052,0,0,0,26.9,37.6,25.5,29.0,38.3,10.7,20.3,27.25,0.651,1.27,0.783,0.0
base,adr-0030+adr-0028,drops200,500,poor,0.0,fading,1,200,200,200,3052,3047,5,3,0,17.9,32.7,18.7,20.7,33.8,6.3,11.6,17.12,0.486,1.726,0.933,0.0
base,adr-0030+adr-0028,missed-preambles,2300,good,-12.0,fading,1,100,100,100,1534,1371,163,18,0,44.8,79.0,48.1,47.9,81.4,30.0,61.4,46.28,0.788,1.172,0.827,0.0
base,adr-0030+adr-0028,missed-preambles,2300,good,-6.0,fading,1,100,100,100,1534,1520,14,2,0,24.9,44.4,26.2,26.8,46.2,6.4,16.9,27.7,0.655,1.268,0.795,0.0
base,adr-0030+adr-0028,missed-preambles,2300,good,0.0,fading,1,100,100,100,1534,1532,2,1,0,13.1,27.3,15.2,15.4,28.7,5.4,10.4,14.05,0.445,1.633,0.801,0.0
base,adr-0030+adr-0028,missed-preambles,2300,moderate,-12.0,fading,1,100,100,100,1534,1526,8,2,0,38.6,66.1,41.5,42.5,69.2,22.8,41.7,43.39,0.752,1.279,0.807,0.0
base,adr-0030+adr-0028,missed-preambles,2300,moderate,-6.0,fading,1,100,100,100,1534,1534,0,0,0,22.0,37.1,22.6,24.0,39.3,5.4,14.9,24.17,0.62,1.272,0.787,0.0
base,adr-0030+adr-0028,missed-preambles,2300,moderate,0.0,fading,1,100,100,100,1534,1503,31,6,0,12.5,25.4,14.1,14.2,26.3,5.4,10.7,11.69,0.39,1.683,0.809,0.0
base,adr-0030+adr-0028,missed-preambles,2300,poor,-12.0,fading,1,100,100,100,1534,1513,21,2,0,37.2,62.1,39.1,41.0,65.5,16.3,37.2,40.8,0.742,1.254,0.779,0.0
base,adr-0030+adr-0028,missed-preambles,2300,poor,-6.0,fading,1,100,100,100,1534,1534,0,0,0,22.2,38.3,23.1,24.3,39.9,6.9,14.9,24.66,0.624,1.272,0.787,0.0
base,adr-0030+adr-0028,missed-preambles,2300,poor,0.0,fading,1,100,100,100,1534,1503,31,5,0,11.1,21.3,12.1,12.6,22.5,4.2,8.4,9.23,0.329,1.754,0.841,0.0
base,adr-0030+adr-0028,missed-preambles,500,good,-12.0,fading,1,100,100,100,1534,1381,153,14,0,45.6,78.7,48.6,48.6,81.1,31.0,65.4,46.89,0.791,1.179,0.836,0.0
base,adr-0030+adr-0028,missed-preambles,500,good,-6.0,fading,1,100,100,100,1534,1495,39,3,0,30.0,54.5,32.5,33.2,56.4,10.7,26.4,33.43,0.701,1.269,0.786,0.0
base,adr-0030+adr-0028,missed-preambles,500,good,0.0,fading,1,100,100,100,1534,1412,122,17,1,20.2,39.7,22.0,23.0,41.6,7.4,17.0,19.66,0.539,1.686,0.765,0.0
base,adr-0030+adr-0028,missed-preambles,500,moderate,-12.0,fading,1,100,100,100,1534,1512,22,3,0,39.1,66.9,41.9,42.0,68.2,25.7,47.9,43.51,0.754,1.269,0.799,0.0
base,adr-0030+adr-0028,missed-preambles,500,moderate,-6.0,fading,1,100,100,100,1534,1523,11,1,0,28.5,49.0,30.2,31.4,51.4,10.7,25.4,31.86,0.687,1.263,0.784,0.0
base,adr-0030+adr-0028,missed-preambles,500,moderate,0.0,fading,1,100,100,100,1534,1463,71,8,1,23.1,43.8,25.0,25.7,45.6,10.1,23.2,22.64,0.561,1.649,0.881,0.0
base,adr-0030+adr-0028,missed-preambles,500,poor,-12.0,fading,1,100,100,100,1534,1513,21,2,0,38.6,65.4,41.1,41.1,67.4,25.7,47.9,42.67,0.75,1.255,0.78,0.0
base,adr-0030+adr-0028,missed-preambles,500,poor,-6.0,fading,1,100,100,100,1534,1523,11,1,0,28.5,48.0,30.0,31.5,50.4,10.7,26.4,31.58,0.685,1.263,0.784,0.0
base,adr-0030+adr-0028,missed-preambles,500,poor,0.0,fading,1,100,100,100,1534,1404,130,16,0,19.1,36.5,21.0,21.7,38.1,7.4,19.1,17.09,0.492,1.753,0.882,0.0
request,before,grid,2300,awgn,-12.0,fading,1,0,30,30,457,457,0,0,0,22.8,42.8,25.2,27.9,42.8,10.7,16.1,30.93,0.741,0.648,0.796,0.707
request,before,grid,2300,awgn,-6.0,fading,1,0,30,30,457,457,0,0,0,12.3,18.9,13.5,15.3,19.5,5.4,9.6,19.31,0.643,0.648,0.796,0.707
request,before,grid,2300,awgn,0.0,fading,1,0,30,30,457,457,0,0,0,3.0,4.4,3.3,3.0,4.5,2.1,3.2,4.54,0.229,1.037,0.796,0.748
request,before,grid,2300,awgn,6.0,fading,1,0,30,30,457,457,0,0,0,2.0,3.4,2.3,2.5,3.5,1.1,1.2,3.45,0.183,1.044,0.796,0.748
request,before,grid,2300,awgn,12.0,fading,1,0,30,30,457,457,0,0,0,2.0,2.5,1.9,2.0,2.5,1.1,1.1,3.03,0.164,1.044,0.796,0.748
request,before,grid,2300,good,-12.0,fading,1,0,30,30,457,450,7,1,0,33.2,55.1,36.1,34.2,55.6,25.8,45.7,40.97,0.788,1.0,0.869,0.624
request,before,grid,2300,good,-6.0,fading,1,0,30,30,457,429,28,2,0,17.1,28.2,18.2,17.2,30.8,5.9,15.8,22.4,0.685,0.694,0.775,0.667
request,before,grid,2300,good,0.0,fading,1,0,30,30,457,457,0,0,0,7.2,17.2,9.3,9.1,18.5,4.7,8.4,11.92,0.462,1.042,0.814,0.707
request,before,grid,2300,good,6.0,fading,1,0,30,30,457,457,0,0,0,3.0,4.5,2.9,3.0,4.6,1.1,3.1,3.91,0.201,1.053,0.796,0.753
request,before,grid,2300,good,12.0,fading,1,0,30,30,457,457,0,0,0,2.0,3.4,2.2,2.0,3.5,1.1,3.1,3.22,0.172,1.044,0.796,0.748
request,before,grid,2300,moderate,-12.0,fading,1,0,30,30,457,457,0,0,0,27.9,42.9,28.7,28.7,43.9,16.3,36.4,34.22,0.756,0.7,0.807,0.696
request,before,grid,2300,moderate,-6.0,fading,1,0,30,30,457,457,0,0,0,14.9,20.8,14.5,17.1,21.4,5.4,14.9,20.25,0.653,0.648,0.796,0.707
request,before,grid,2300,moderate,0.0,fading,1,0,30,30,457,457,0,0,0,6.9,17.1,8.6,8.2,17.2,5.2,6.7,10.64,0.423,1.059,0.849,0.735
request,before,grid,2300,moderate,6.0,fading,1,0,30,30,457,457,0,0,0,3.0,4.1,2.8,3.0,4.4,1.1,3.1,3.87,0.2,1.048,0.799,0.751
request,before,grid,2300,moderate,12.0,fading,1,0,30,30,457,457,0,0,0,2.0,3.1,2.1,2.0,3.3,1.1,3.1,3.14,0.169,1.044,0.796,0.748
request,before,grid,2300,poor,-12.0,fading,1,0,30,30,457,457,0,0,0,25.7,42.8,26.4,27.9,42.8,14.2,29.3,31.98,0.746,0.646,0.799,0.707
request,before,grid,2300,poor,-6.0,fading,1,0,30,30,457,457,0,0,0,14.9,22.5,15.3,17.1,22.5,6.5,14.9,21.0,0.66,0.648,0.796,0.707
request,before,grid,2300,poor,0.0,fading,1,0,30,30,457,457,0,0,0,6.1,14.9,7.4,6.3,16.9,3.9,6.3,9.0,0.376,1.118,0.853,0.744
request,before,grid,2300,poor,6.0,fading,1,0,30,30,457,457,0,0,0,3.0,4.1,2.7,3.0,4.1,1.1,3.1,3.76,0.196,1.046,0.796,0.751
request,before,grid,2300,poor,12.0,fading,1,0,30,30,457,457,0,0,0,2.0,3.1,2.1,2.0,3.2,1.1,3.1,3.19,0.171,1.044,0.796,0.748
request,before,grid,500,awgn,-12.0,fading,1,0,30,30,457,457,0,0,0,22.9,42.8,25.7,27.9,42.8,14.2,21.5,31.42,0.744,0.648,0.796,0.707
request,before,grid,500,awgn,-6.0,fading,1,0,30,30,457,457,0,0,0,17.6,27.9,18.8,22.5,27.9,9.6,10.9,24.57,0.696,0.648,0.796,0.707
request,before,grid,500,awgn,0.0,fading,1,0,30,30,457,457,0,0,0,6.5,10.4,6.8,7.2,10.4,3.2,4.2,7.64,0.328,1.044,0.796,0.748
request,before,grid,500,awgn,6.0,fading,1,0,30,30,457,457,0,0,0,3.0,5.1,3.3,4.1,5.1,1.8,2.1,4.42,0.223,1.044,0.796,0.748
request,before,grid,500,awgn,12.0,fading,1,0,30,30,457,457,0,0,0,2.0,3.2,2.4,2.6,3.4,1.1,1.9,3.45,0.183,1.044,0.796,0.748
request,before,grid,500,good,-12.0,fading,1,0,30,30,457,457,0,0,0,33.2,55.6,36.2,34.4,56.6,26.8,47.1,41.67,0.791,1.02,0.869,0.628
request,before,grid,500,good,-6.0,fading,1,0,30,30,457,434,23,2,0,22.5,33.9,22.9,22.5,37.3,10.9,25.3,26.91,0.714,0.737,0.779,0.663
request,before,grid,500,good,0.0,fading,1,0,30,30,457,444,13,1,0,14.7,27.4,15.4,17.1,27.9,6.7,14.8,17.67,0.57,1.149,0.827,0.685
request,before,grid,500,good,6.0,fading,1,0,30,30,457,457,0,0,0,4.6,10.7,5.7,5.1,11.2,3.1,7.2,6.54,0.295,1.103,0.807,0.735
request,before,grid,500,good,12.0,fading,1,0,30,30,457,457,0,0,0,3.0,5.1,3.0,3.0,5.1,1.4,4.1,4.07,0.208,1.059,0.796,0.746
request,before,grid,500,moderate,-12.0,fading,1,0,30,30,457,457,0,0,0,27.9,43.0,29.1,28.8,43.8,20.3,36.4,34.53,0.757,0.681,0.807,0.698
request,before,grid,500,moderate,-6.0,fading,1,0,30,30,457,457,0,0,0,18.9,27.9,19.5,22.5,29.3,10.7,20.3,25.24,0.701,0.648,0.796,0.707
request,before,grid,500,moderate,0.0,fading,1,0,30,30,457,457,0,0,0,17.1,27.9,16.9,17.5,28.6,8.4,16.5,19.55,0.585,1.171,0.906,0.707
request,before,grid,500,moderate,6.0,fading,1,0,30,30,457,457,0,0,0,5.1,10.4,6.0,5.1,11.4,3.2,5.6,6.85,0.305,1.053,0.814,0.74
request,before,grid,500,moderate,12.0,fading,1,0,30,30,457,457,0,0,0,3.0,5.1,3.0,3.0,5.1,1.1,4.2,4.01,0.205,1.048,0.799,0.748
request,before,grid,500,poor,-12.0,fading,1,0,30,30,457,457,0,0,0,26.8,42.8,27.3,27.9,42.8,20.3,31.0,32.87,0.751,0.646,0.796,0.707
request,before,grid,500,poor,-6.0,fading,1,0,30,30,457,457,0,0,0,18.6,27.9,19.3,22.5,28.7,10.7,20.3,25.11,0.7,0.648,0.796,0.707
request,before,grid,500,poor,0.0,fading,1,0,30,30,457,451,6,1,0,12.8,26.1,14.4,15.7,27.5,5.8,11.3,16.01,0.524,1.201,0.934,0.726
request,before,grid,500,poor,6.0,fading,1,0,30,30,457,457,0,0,0,4.1,7.7,4.7,4.1,9.1,2.8,5.0,5.56,0.262,1.05,0.821,0.748
request,before,grid,500,poor,12.0,fading,1,0,30,30,457,457,0,0,0,3.0,4.1,2.8,3.0,4.3,1.4,3.1,3.84,0.199,1.044,0.796,0.746
request,before,drops,2300,good,-12.0,fading,1,100,100,100,1534,1534,0,0,0,33.2,58.2,36.3,34.1,59.2,25.7,47.9,41.71,0.792,0.978,0.886,0.62
request,before,drops,2300,good,-6.0,fading,1,100,100,100,1534,1534,0,0,0,17.1,28.3,18.1,17.2,30.9,6.6,16.1,23.72,0.687,0.669,0.8,0.699
request,before,drops,2300,good,0.0,fading,1,100,100,100,1534,1534,0,0,0,7.7,17.2,9.3,10.0,17.3,5.4,10.0,12.05,0.469,1.007,0.806,0.722
request,before,drops,2300,moderate,-12.0,fading,1,100,100,100,1534,1534,0,0,0,27.9,42.8,28.6,27.9,44.0,18.6,36.4,34.07,0.757,0.679,0.801,0.692
request,before,drops,2300,moderate,-6.0,fading,1,100,100,100,1534,1534,0,0,0,14.9,21.4,14.7,17.1,22.5,5.4,14.9,20.37,0.655,0.638,0.787,0.701
request,before,drops,2300,moderate,0.0,fading,1,100,100,100,1534,1534,0,0,0,6.3,17.0,8.4,7.2,17.1,5.3,8.4,10.26,0.414,1.012,0.834,0.729
request,before,drops,2300,poor,-12.0,fading,1,100,100,100,1534,1534,0,0,0,26.5,42.8,26.8,27.9,42.8,16.1,31.0,32.32,0.748,0.64,0.787,0.701
request,before,drops,2300,poor,-6.0,fading,1,100,100,100,1534,1534,0,0,0,14.9,22.0,15.0,17.1,22.5,6.6,15.1,20.61,0.657,0.638,0.787,0.701
request,before,drops,2300,poor,0.0,fading,1,100,100,100,1534,1534,0,0,0,6.1,14.9,7.5,6.3,16.7,4.2,6.3,8.93,0.373,1.102,0.853,0.731
request,before,drops,500,good,-12.0,fading,1,100,100,100,1534,1534,0,0,0,33.2,58.6,36.5,34.3,59.7,25.7,48.2,41.92,0.792,0.995,0.882,0.616
request,before,drops,500,good,-6.0,fading,1,100,100,100,1534,1491,43,4,0,22.5,33.2,22.3,22.5,33.7,10.7,21.5,27.07,0.719,0.691,0.775,0.672
request,before,drops,500,good,0.0,fading,1,100,100,100,1534,1508,26,4,0,14.2,27.9,15.3,17.0,27.9,6.3,14.8,17.47,0.557,1.231,0.835,0.68
request,before,drops,500,moderate,-12.0,fading,1,100,100,100,1534,1534,0,0,0,27.9,43.0,29.0,27.9,44.0,21.5,36.4,34.5,0.76,0.675,0.799,0.688
request,before,drops,500,moderate,-6.0,fading,1,100,100,100,1534,1534,0,0,0,19.7,27.9,20.0,22.5,28.6,10.7,20.3,25.66,0.705,0.638,0.787,0.701
request,before,drops,500,moderate,0.0,fading,1,100,100,100,1534,1513,21,2,0,17.1,28.1,17.4,18.5,29.6,8.4,15.8,19.8,0.593,1.132,0.889,0.686
request,before,drops,500,poor,-12.0,fading,1,100,100,100,1534,1534,0,0,0,27.3,42.8,27.5,27.9,42.8,21.5,36.4,33.02,0.751,0.64,0.787,0.701
request,before,drops,500,poor,-6.0,fading,1,100,100,100,1534,1534,0,0,0,18.8,27.9,19.6,22.5,27.9,10.7,20.3,25.28,0.702,0.638,0.787,0.701
request,before,drops,500,poor,0.0,fading,1,100,100,100,1534,1520,14,3,0,13.1,27.0,14.7,15.7,27.9,6.3,11.6,16.33,0.528,1.205,0.954,0.703
request,before,drops200,2300,good,-12.0,fading,1,200,200,199,3041,3034,7,1,0,33.2,58.1,36.1,35.0,59.7,25.7,45.9,41.46,0.791,0.965,0.882,0.616
request,before,drops200,2300,good,-6.0,fading,1,200,200,200,3052,3013,39,3,0,17.1,29.1,18.4,17.3,31.6,7.9,16.1,23.67,0.689,0.667,0.789,0.681
request,before,drops200,2300,good,0.0,fading,1,200,200,200,3052,3044,8,1,0,7.9,17.2,9.3,10.1,17.3,5.3,8.4,12.07,0.471,0.997,0.797,0.71
request,before,drops200,2300,moderate,-12.0,fading,1,200,200,200,3052,3052,0,0,0,27.9,43.5,28.8,28.5,44.7,20.3,36.4,34.27,0.758,0.675,0.797,0.681
request,before,drops200,2300,moderate,-6.0,fading,1,200,200,200,3052,3052,0,0,0,14.9,21.1,14.7,17.1,22.4,5.4,14.9,20.38,0.656,0.633,0.783,0.694
request,before,drops200,2300,moderate,0.0,fading,1,200,200,200,3052,3052,0,0,0,6.3,17.1,8.3,7.2,17.1,5.3,8.0,10.14,0.41,1.045,0.831,0.723
request,before,drops200,2300,poor,-12.0,fading,1,200,200,200,3052,3052,0,0,0,26.3,42.8,26.8,27.9,42.8,16.1,29.3,32.31,0.748,0.633,0.783,0.693
request,before,drops200,2300,poor,-6.0,fading,1,200,200,200,3052,3052,0,0,0,15.5,22.3,15.2,17.1,22.5,5.9,15.2,20.81,0.66,0.632,0.783,0.694
request,before,drops200,2300,poor,0.0,fading,1,200,200,200,3052,3052,0,0,0,6.1,13.6,7.2,6.3,14.7,4.0,6.3,8.51,0.36,1.127,0.85,0.729
request,before,drops200,500,good,-12.0,fading,1,200,200,199,3041,3034,7,1,0,33.2,57.9,36.4,35.0,59.8,25.7,45.2,41.76,0.793,0.966,0.878,0.609
request,before,drops200,500,good,-6.0,fading,1,200,200,200,3052,2933,119,9,0,22.5,33.5,22.7,22.5,36.4,10.7,22.1,27.16,0.722,0.679,0.767,0.662
request,before,drops200,500,good,0.0,fading,1,200,200,200,3052,2994,58,6,0,14.3,27.9,15.3,17.0,27.9,6.3,14.4,17.53,0.562,1.239,0.812,0.681
request,before,drops200,500,moderate,-12.0,fading,1,200,200,200,3052,3052,0,0,0,27.9,43.7,29.3,28.5,44.8,21.5,36.4,34.73,0.761,0.668,0.797,0.682
request,before,drops200,500,moderate,-6.0,fading,1,200,200,200,3052,3052,0,0,0,20.3,27.9,19.8,22.5,28.6,10.7,20.3,25.49,0.704,0.633,0.783,0.695
request,before,drops200,500,moderate,0.0,fading,1,200,200,200,3052,3003,49,6,0,17.1,28.3,17.4,18.5,29.2,7.4,14.3,19.87,0.596,1.11,0.886,0.682
request,before,drops200,500,poor,-12.0,fading,1,200,200,200,3052,3052,0,0,0,27.9,42.8,27.6,27.9,42.8,20.3,33.0,33.1,0.752,0.633,0.783,0.692
request,before,drops200,500,poor,-6.0,fading,1,200,200,200,3052,3052,0,0,0,19.9,27.9,19.5,22.5,28.1,10.7,20.3,25.19,0.702,0.632,0.783,0.694
request,before,drops200,500,poor,0.0,fading,1,200,200,200,3052,2997,55,7,0,13.5,27.4,14.8,16.3,27.9,5.4,11.9,16.3,0.53,1.179,0.92,0.696
request,adr-0028,grid,2300,awgn,-12.0,fading,1,0,30,30,457,457,0,0,0,22.8,42.8,25.3,27.9,42.8,10.7,16.1,30.93,0.74,0.648,0.796,0.707
request,adr-0028,grid,2300,awgn,-6.0,fading,1,0,30,30,457,457,0,0,0,12.3,18.9,13.5,15.3,19.5,5.4,9.6,19.31,0.642,0.648,0.796,0.707
request,adr-0028,grid,2300,awgn,0.0,fading,1,0,30,30,457,457,0,0,0,3.0,4.4,3.3,3.0,4.5,2.1,3.2,4.54,0.229,1.037,0.796,0.748
request,adr-0028,grid,2300,awgn,6.0,fading,1,0,30,30,457,457,0,0,0,2.0,3.4,2.4,2.5,3.5,1.1,1.2,3.45,0.183,1.044,0.796,0.748
request,adr-0028,grid,2300,awgn,12.0,fading,1,0,30,30,457,457,0,0,0,2.0,2.5,1.9,2.0,2.5,1.1,1.1,3.03,0.164,1.044,0.796,0.748
request,adr-0028,grid,2300,good,-12.0,fading,1,0,30,30,457,443,14,2,0,33.2,54.9,35.1,33.2,56.5,21.7,42.0,39.82,0.789,0.755,0.862,0.606
request,adr-0028,grid,2300,good,-6.0,fading,1,0,30,30,457,447,10,1,0,17.1,28.8,18.0,17.2,32.0,6.1,16.1,23.1,0.683,0.676,0.803,0.687
request,adr-0028,grid,2300,good,0.0,fading,1,0,30,30,457,457,0,0,0,7.2,17.4,9.3,9.0,18.5,4.2,9.4,11.76,0.456,1.009,0.816,0.711
request,adr-0028,grid,2300,good,6.0,fading,1,0,30,30,457,457,0,0,0,3.0,4.5,2.9,3.0,4.8,1.1,3.1,3.91,0.201,1.053,0.799,0.751
request,adr-0028,grid,2300,good,12.0,fading,1,0,30,30,457,457,0,0,0,2.0,3.4,2.2,2.0,3.5,1.1,3.1,3.22,0.172,1.044,0.796,0.748
request,adr-0028,grid,2300,moderate,-12.0,fading,1,0,30,30,457,457,0,0,0,27.9,42.8,28.6,28.6,44.6,17.7,36.4,34.07,0.755,0.672,0.807,0.696
request,adr-0028,grid,2300,moderate,-6.0,fading,1,0,30,30,457,457,0,0,0,14.9,21.0,14.6,17.1,21.4,5.4,14.9,20.27,0.652,0.648,0.796,0.707
request,adr-0028,grid,2300,moderate,0.0,fading,1,0,30,30,457,457,0,0,0,7.2,17.1,8.7,8.2,17.2,4.2,6.9,10.85,0.431,0.969,0.836,0.731
request,adr-0028,grid,2300,moderate,6.0,fading,1,0,30,30,457,457,0,0,0,3.0,4.1,2.8,3.0,4.5,1.1,3.1,3.86,0.2,1.046,0.799,0.748
request,adr-0028,grid,2300,moderate,12.0,fading,1,0,30,30,457,457,0,0,0,2.0,3.1,2.1,2.0,3.4,1.1,3.1,3.17,0.17,1.044,0.796,0.748
request,adr-0028,grid,2300,poor,-12.0,fading,1,0,30,30,457,457,0,0,0,25.7,42.8,26.4,27.9,42.8,14.2,29.3,31.98,0.745,0.646,0.799,0.707
request,adr-0028,grid,2300,poor,-6.0,fading,1,0,30,30,457,457,0,0,0,14.9,22.5,15.3,17.1,22.9,6.5,14.9,20.97,0.659,0.648,0.796,0.707
request,adr-0028,grid,2300,poor,0.0,fading,1,0,30,30,457,457,0,0,0,6.1,14.6,7.4,6.3,16.0,3.2,6.3,8.89,0.372,1.079,0.862,0.737
request,adr-0028,grid,2300,poor,6.0,fading,1,0,30,30,457,457,0,0,0,3.0,4.1,2.7,3.0,4.1,1.1,3.1,3.75,0.195,1.048,0.799,0.748
request,adr-0028,grid,2300,poor,12.0,fading,1,0,30,30,457,457,0,0,0,2.0,3.1,2.1,2.0,3.2,1.1,3.1,3.19,0.171,1.044,0.796,0.748
request,adr-0028,grid,500,awgn,-12.0,fading,1,0,30,30,457,457,0,0,0,22.9,42.8,25.8,27.9,42.8,14.2,21.5,31.42,0.743,0.648,0.796,0.707
request,adr-0028,grid,500,awgn,-6.0,fading,1,0,30,30,457,457,0,0,0,17.6,27.9,18.8,22.5,28.2,9.6,10.9,24.57,0.696,0.648,0.796,0.707
request,adr-0028,grid,500,awgn,0.0,fading,1,0,30,30,457,457,0,0,0,6.5,10.4,6.8,7.2,10.4,3.2,4.2,7.64,0.328,1.044,0.796,0.748
request,adr-0028,grid,500,awgn,6.0,fading,1,0,30,30,457,457,0,0,0,3.0,5.1,3.3,4.1,5.1,1.8,2.1,4.42,0.222,1.044,0.796,0.748
request,adr-0028,grid,500,awgn,12.0,fading,1,0,30,30,457,457,0,0,0,2.0,3.2,2.4,2.6,3.4,1.1,1.9,3.45,0.183,1.044,0.796,0.748
request,adr-0028,grid,500,good,-12.0,fading,1,0,30,30,457,457,0,0,0,33.2,54.4,35.4,33.2,55.5,25.7,42.8,40.95,0.789,0.79,0.893,0.639
request,adr-0028,grid,500,good,-6.0,fading,1,0,30,30,457,434,23,2,0,22.5,33.7,22.7,22.5,37.3,10.7,25.7,26.82,0.714,0.665,0.779,0.663
request,adr-0028,grid,500,good,0.0,fading,1,0,30,30,457,457,0,0,0,14.4,25.3,15.0,16.7,27.5,6.8,16.0,17.53,0.556,1.114,0.86,0.702
request,adr-0028,grid,500,good,6.0,fading,1,0,30,30,457,457,0,0,0,4.5,10.6,5.6,5.1,11.2,3.1,7.2,6.37,0.288,1.12,0.807,0.742
request,adr-0028,grid,500,good,12.0,fading,1,0,30,30,457,457,0,0,0,3.0,5.1,3.0,3.0,5.1,1.4,4.2,4.08,0.208,1.05,0.796,0.746
request,adr-0028,grid,500,moderate,-12.0,fading,1,0,30,30,457,457,0,0,0,27.9,44.0,29.0,28.9,44.6,20.3,36.8,34.48,0.757,0.672,0.81,0.696
request,adr-0028,grid,500,moderate,-6.0,fading,1,0,30,30,457,457,0,0,0,18.9,28.5,19.5,22.5,29.6,10.7,20.3,25.27,0.701,0.648,0.796,0.707
request,adr-0028,grid,500,moderate,0.0,fading,1,0,30,30,457,457,0,0,0,17.1,28.2,17.1,18.5,28.7,7.4,14.3,19.96,0.594,0.95,0.919,0.705
request,adr-0028,grid,500,moderate,6.0,fading,1,0,30,30,457,457,0,0,0,5.1,10.5,6.0,5.1,11.4,3.2,5.6,6.87,0.305,1.048,0.812,0.737
request,adr-0028,grid,500,moderate,12.0,fading,1,0,30,30,457,457,0,0,0,3.0,5.1,3.0,3.0,5.1,1.1,4.2,4.02,0.205,1.048,0.799,0.748
request,adr-0028,grid,500,poor,-12.0,fading,1,0,30,30,457,457,0,0,0,26.8,42.8,27.2,27.9,42.8,20.3,31.0,32.8,0.75,0.646,0.796,0.707
request,adr-0028,grid,500,poor,-6.0,fading,1,0,30,30,457,457,0,0,0,18.7,28.1,19.4,22.5,28.7,10.7,20.3,25.15,0.7,0.648,0.796,0.707
request,adr-0028,grid,500,poor,0.0,fading,1,0,30,30,457,457,0,0,0,13.6,26.2,15.0,17.0,27.9,5.4,13.3,16.88,0.535,1.085,0.967,0.713
request,adr-0028,grid,500,poor,6.0,fading,1,0,30,30,457,457,0,0,0,4.1,7.7,4.7,4.1,8.6,3.1,4.2,5.63,0.265,1.053,0.818,0.746
request,adr-0028,grid,500,poor,12.0,fading,1,0,30,30,457,457,0,0,0,3.0,4.1,2.8,3.0,4.2,1.6,3.1,3.82,0.198,1.044,0.796,0.746
request,adr-0028,drops,2300,good,-12.0,fading,1,100,100,100,1534,1528,6,1,0,33.1,55.0,35.4,33.6,57.7,25.7,42.3,40.79,0.79,0.747,0.892,0.626
request,adr-0028,drops,2300,good,-6.0,fading,1,100,100,100,1534,1534,0,0,0,17.1,28.7,18.1,17.2,30.1,6.4,15.0,23.62,0.685,0.652,0.798,0.697
request,adr-0028,drops,2300,good,0.0,fading,1,100,100,100,1534,1534,0,0,0,7.6,17.2,9.3,9.6,17.2,5.3,10.0,12.0,0.468,0.958,0.808,0.717
request,adr-0028,drops,2300,moderate,-12.0,fading,1,100,100,100,1534,1534,0,0,0,27.9,42.8,28.5,27.9,44.2,17.9,36.4,33.97,0.756,0.655,0.798,0.697
request,adr-0028,drops,2300,moderate,-6.0,fading,1,100,100,100,1534,1534,0,0,0,14.9,21.4,14.7,17.1,22.5,5.4,14.9,20.36,0.654,0.638,0.787,0.701
request,adr-0028,drops,2300,moderate,0.0,fading,1,100,100,100,1534,1534,0,0,0,6.3,17.0,8.5,7.2,17.1,5.3,8.4,10.41,0.418,0.986,0.838,0.724
request,adr-0028,drops,2300,poor,-12.0,fading,1,100,100,100,1534,1534,0,0,0,26.2,42.8,26.8,27.9,42.8,16.1,27.5,32.25,0.747,0.641,0.787,0.7
request,adr-0028,drops,2300,poor,-6.0,fading,1,100,100,100,1534,1534,0,0,0,14.9,22.3,15.0,17.1,22.5,7.0,15.0,20.65,0.657,0.638,0.787,0.701
request,adr-0028,drops,2300,poor,0.0,fading,1,100,100,100,1534,1534,0,0,0,6.1,15.1,7.5,6.3,16.8,3.2,6.3,8.84,0.37,1.08,0.85,0.728
request,adr-0028,drops,500,good,-12.0,fading,1,100,100,100,1534,1528,6,1,0,33.2,54.4,35.4,33.7,57.0,25.7,44.7,40.96,0.793,0.727,0.881,0.614
request,adr-0028,drops,500,good,-6.0,fading,1,100,100,100,1534,1522,12,1,0,22.5,33.2,22.3,22.5,34.5,10.7,21.1,27.61,0.718,0.656,0.791,0.69
request,adr-0028,drops,500,good,0.0,fading,1,100,100,100,1534,1527,7,2,0,13.6,27.9,15.1,16.4,27.9,6.3,14.7,17.64,0.562,1.068,0.844,0.688
request,adr-0028,drops,500,moderate,-12.0,fading,1,100,100,100,1534,1534,0,0,0,27.9,42.8,28.9,27.9,44.0,21.5,36.4,34.33,0.758,0.656,0.796,0.694
request,adr-0028,drops,500,moderate,-6.0,fading,1,100,100,100,1534,1534,0,0,0,19.6,27.9,20.0,22.5,28.8,10.7,20.3,25.6,0.704,0.638,0.787,0.701
request,adr-0028,drops,500,moderate,0.0,fading,1,100,100,100,1534,1534,0,0,0,17.1,28.1,17.3,18.5,29.0,7.6,15.8,20.05,0.594,0.949,0.92,0.698
request,adr-0028,drops,500,poor,-12.0,fading,1,100,100,100,1534,1534,0,0,0,27.8,42.8,27.5,27.9,42.8,21.1,36.4,32.99,0.751,0.641,0.787,0.7
request,adr-0028,drops,500,poor,-6.0,fading,1,100,100,100,1534,1534,0,0,0,19.0,27.9,19.7,22.5,28.4,10.7,20.3,25.33,0.702,0.638,0.787,0.701
request,adr-0028,drops,500,poor,0.0,fading,1,100,100,100,1534,1531,3,2,0,13.6,26.4,14.7,15.8,27.9,6.3,11.6,16.42,0.528,1.089,0.952,0.699
request,adr-0028,drops200,2300,good,-12.0,fading,1,200,200,199,3041,3041,0,0,0,33.2,55.6,35.1,34.2,57.7,21.5,45.2,40.65,0.79,0.744,0.898,0.626
request,adr-0028,drops200,2300,good,-6.0,fading,1,200,200,200,3052,3052,0,0,0,17.1,29.2,18.4,17.4,31.7,7.4,16.1,23.93,0.688,0.66,0.799,0.688
request,adr-0028,drops200,2300,good,0.0,fading,1,200,200,200,3052,3052,0,0,0,8.0,17.2,9.5,10.4,17.5,5.4,8.4,12.28,0.475,0.929,0.8,0.71
request,adr-0028,drops200,2300,moderate,-12.0,fading,1,200,200,200,3052,3052,0,0,0,27.9,43.3,28.7,28.5,44.6,20.3,36.1,34.15,0.757,0.657,0.798,0.684
request,adr-0028,drops200,2300,moderate,-6.0,fading,1,200,200,200,3052,3052,0,0,0,14.9,21.1,14.7,17.1,22.5,5.4,14.9,20.35,0.655,0.632,0.783,0.694
request,adr-0028,drops200,2300,moderate,0.0,fading,1,200,200,200,3052,3052,0,0,0,6.3,17.1,8.4,7.2,17.2,5.3,8.0,10.25,0.413,1.01,0.827,0.723
request,adr-0028,drops200,2300,poor,-12.0,fading,1,200,200,200,3052,3052,0,0,0,26.3,42.8,26.8,27.9,42.8,16.1,29.4,32.33,0.748,0.632,0.784,0.693
request,adr-0028,drops200,2300,poor,-6.0,fading,1,200,200,200,3052,3052,0,0,0,15.4,22.5,15.1,17.1,22.5,6.0,15.0,20.75,0.659,0.632,0.783,0.694
request,adr-0028,drops200,2300,poor,0.0,fading,1,200,200,200,3052,3052,0,0,0,5.9,13.3,7.1,6.3,14.6,3.9,6.3,8.37,0.356,1.081,0.852,0.725
request,adr-0028,drops200,500,good,-12.0,fading,1,200,200,199,3041,3041,0,0,0,33.2,55.4,35.6,34.5,57.7,23.9,45.2,41.1,0.791,0.736,0.898,0.622
request,adr-0028,drops200,500,good,-6.0,fading,1,200,200,200,3052,3042,10,3,0,22.5,34.1,22.8,22.5,36.4,10.7,21.5,28.19,0.72,0.654,0.812,0.684
request,adr-0028,drops200,500,good,0.0,fading,1,200,200,200,3052,3022,30,4,0,14.1,27.9,15.1,17.0,27.9,5.4,13.1,17.49,0.559,1.068,0.833,0.687
request,adr-0028,drops200,500,moderate,-12.0,fading,1,200,200,200,3052,3052,0,0,0,27.9,43.5,29.2,28.6,44.8,21.5,36.4,34.63,0.759,0.65,0.8,0.684
request,adr-0028,drops200,500,moderate,-6.0,fading,1,200,200,200,3052,3052,0,0,0,20.3,28.2,19.9,22.5,28.8,10.7,20.3,25.51,0.704,0.633,0.785,0.695
request,adr-0028,drops200,500,moderate,0.0,fading,1,200,200,200,3052,3038,14,2,0,17.1,28.3,17.2,18.5,29.2,7.4,13.7,19.98,0.597,0.945,0.881,0.684
request,adr-0028,drops200,500,poor,-12.0,fading,1,200,200,200,3052,3052,0,0,0,27.9,42.8,27.6,27.9,42.8,20.3,34.0,33.08,0.752,0.633,0.783,0.693
request,adr-0028,drops200,500,poor,-6.0,fading,1,200,200,200,3052,3052,0,0,0,20.0,27.9,19.5,22.5,28.4,10.7,20.3,25.2,0.702,0.632,0.783,0.694
request,adr-0028,drops200,500,poor,0.0,fading,1,200,200,200,3052,3018,34,4,0,13.2,26.8,14.7,16.4,27.9,5.8,10.9,16.33,0.531,1.064,0.927,0.693
request,adr-0030,grid,2300,awgn,-12.0,fading,1,0,30,30,457,457,0,0,0,22.8,42.8,25.2,27.9,42.8,10.7,16.1,30.93,0.741,0.648,0.796,0.707
request,adr-0030,grid,2300,awgn,-6.0,fading,1,0,30,30,457,457,0,0,0,12.3,18.9,13.5,15.3,19.5,5.4,9.6,19.31,0.643,0.648,0.796,0.707
request,adr-0030,grid,2300,awgn,0.0,fading,1,0,30,30,457,457,0,0,0,3.0,4.4,3.3,3.0,4.5,2.1,3.2,4.54,0.229,1.037,0.796,0.748
request,adr-0030,grid,2300,awgn,6.0,fading,1,0,30,30,457,457,0,0,0,2.0,3.4,2.3,2.5,3.5,1.1,1.2,3.45,0.183,1.044,0.796,0.748
request,adr-0030,grid,2300,awgn,12.0,fading,1,0,30,30,457,457,0,0,0,2.0,2.5,1.9,2.0,2.5,1.1,1.1,3.03,0.164,1.044,0.796,0.748
request,adr-0030,grid,2300,good,-12.0,fading,1,0,30,30,457,450,7,1,0,33.2,55.0,35.3,33.2,57.3,22.2,42.4,40.64,0.793,0.753,0.899,0.595
request,adr-0030,grid,2300,good,-6.0,fading,1,0,30,30,457,447,10,1,0,17.1,27.9,18.0,17.2,29.7,5.5,15.6,23.05,0.683,0.67,0.807,0.691
request,adr-0030,grid,2300,good,0.0,fading,1,0,30,30,457,457,0,0,0,6.9,17.2,9.2,9.0,18.5,4.2,8.4,11.67,0.454,0.996,0.821,0.716
request,adr-0030,grid,2300,good,6.0,fading,1,0,30,30,457,457,0,0,0,3.0,4.5,2.9,3.0,4.6,1.1,3.1,3.91,0.201,1.05,0.796,0.751
request,adr-0030,grid,2300,good,12.0,fading,1,0,30,30,457,457,0,0,0,2.0,3.4,2.2,2.0,3.5,1.1,3.1,3.22,0.172,1.044,0.796,0.748
request,adr-0030,grid,2300,moderate,-12.0,fading,1,0,30,30,457,457,0,0,0,27.9,42.8,28.4,28.1,43.6,16.1,36.4,33.94,0.755,0.674,0.803,0.7
request,adr-0030,grid,2300,moderate,-6.0,fading,1,0,30,30,457,457,0,0,0,14.9,20.8,14.5,17.1,21.4,5.4,14.9,20.25,0.653,0.648,0.796,0.707
request,adr-0030,grid,2300,moderate,0.0,fading,1,0,30,30,457,457,0,0,0,6.8,17.1,8.5,8.2,17.2,4.2,6.3,10.6,0.424,0.978,0.84,0.726
request,adr-0030,grid,2300,moderate,6.0,fading,1,0,30,30,457,457,0,0,0,3.0,4.1,2.8,3.0,4.5,1.1,3.1,3.87,0.2,1.048,0.799,0.751
request,adr-0030,grid,2300,moderate,12.0,fading,1,0,30,30,457,457,0,0,0,2.0,3.1,2.1,2.0,3.3,1.1,3.1,3.14,0.169,1.044,0.796,0.748
request,adr-0030,grid,2300,poor,-12.0,fading,1,0,30,30,457,457,0,0,0,25.7,42.8,26.4,27.9,42.8,14.2,29.3,31.98,0.746,0.646,0.799,0.707
request,adr-0030,grid,2300,poor,-6.0,fading,1,0,30,30,457,457,0,0,0,14.9,22.5,15.3,17.1,22.5,6.5,14.9,21.0,0.66,0.648,0.796,0.707
request,adr-0030,grid,2300,poor,0.0,fading,1,0,30,30,457,457,0,0,0,5.8,14.4,7.3,6.2,16.1,3.2,5.9,8.71,0.366,1.092,0.862,0.746
request,adr-0030,grid,2300,poor,6.0,fading,1,0,30,30,457,457,0,0,0,3.0,4.1,2.7,3.0,4.1,1.1,3.1,3.76,0.196,1.046,0.796,0.751
request,adr-0030,grid,2300,poor,12.0,fading,1,0,30,30,457,457,0,0,0,2.0,3.1,2.1,2.0,3.2,1.1,3.1,3.19,0.171,1.044,0.796,0.748
request,adr-0030,grid,500,awgn,-12.0,fading,1,0,30,30,457,457,0,0,0,22.9,42.8,25.7,27.9,42.8,14.2,21.5,31.42,0.744,0.648,0.796,0.707
request,adr-0030,grid,500,awgn,-6.0,fading,1,0,30,30,457,457,0,0,0,17.6,27.9,18.8,22.5,27.9,9.6,10.9,24.57,0.696,0.648,0.796,0.707
request,adr-0030,grid,500,awgn,0.0,fading,1,0,30,30,457,457,0,0,0,6.5,10.4,6.8,7.2,10.4,3.2,4.2,7.64,0.328,1.044,0.796,0.748
request,adr-0030,grid,500,awgn,6.0,fading,1,0,30,30,457,457,0,0,0,3.0,5.1,3.3,4.1,5.1,1.8,2.1,4.42,0.223,1.044,0.796,0.748
request,adr-0030,grid,500,awgn,12.0,fading,1,0,30,30,457,457,0,0,0,2.0,3.2,2.4,2.6,3.4,1.1,1.9,3.45,0.183,1.044,0.796,0.748
request,adr-0030,grid,500,good,-12.0,fading,1,0,30,30,457,457,0,0,0,33.2,55.3,35.5,33.2,57.8,22.2,43.0,41.35,0.795,0.766,0.908,0.611
request,adr-0030,grid,500,good,-6.0,fading,1,0,30,30,457,434,23,2,0,22.5,33.2,22.5,22.5,37.3,10.7,22.5,26.69,0.714,0.665,0.779,0.663
request,adr-0030,grid,500,good,0.0,fading,1,0,30,30,457,457,0,0,0,14.4,27.1,15.2,17.0,27.9,8.2,14.9,17.75,0.559,1.109,0.851,0.716
request,adr-0030,grid,500,good,6.0,fading,1,0,30,30,457,457,0,0,0,4.6,11.4,5.9,5.1,11.8,3.1,7.2,6.75,0.301,1.109,0.807,0.74
request,adr-0030,grid,500,good,12.0,fading,1,0,30,30,457,457,0,0,0,3.0,5.1,3.0,3.0,5.1,1.1,4.1,4.06,0.208,1.053,0.796,0.746
request,adr-0030,grid,500,moderate,-12.0,fading,1,0,30,30,457,457,0,0,0,27.9,43.0,29.0,28.2,43.8,20.3,36.4,34.44,0.757,0.676,0.803,0.7
request,adr-0030,grid,500,moderate,-6.0,fading,1,0,30,30,457,457,0,0,0,18.9,27.9,19.5,22.5,29.3,10.7,20.3,25.24,0.701,0.648,0.796,0.707
request,adr-0030,grid,500,moderate,0.0,fading,1,0,30,30,457,457,0,0,0,17.1,27.9,16.8,17.9,28.1,6.3,13.1,19.68,0.59,0.947,0.908,0.707
request,adr-0030,grid,500,moderate,6.0,fading,1,0,30,30,457,457,0,0,0,5.1,10.5,6.0,5.1,11.4,3.2,5.6,6.9,0.306,1.05,0.812,0.735
request,adr-0030,grid,500,moderate,12.0,fading,1,0,30,30,457,457,0,0,0,3.0,5.1,3.0,3.0,5.1,1.1,4.2,4.01,0.205,1.048,0.799,0.748
request,adr-0030,grid,500,poor,-12.0,fading,1,0,30,30,457,457,0,0,0,26.8,42.8,27.3,27.9,42.8,20.3,31.0,32.87,0.751,0.646,0.796,0.707
request,adr-0030,grid,500,poor,-6.0,fading,1,0,30,30,457,457,0,0,0,18.6,27.9,19.3,22.5,28.7,10.7,20.3,25.11,0.7,0.648,0.796,0.707
request,adr-0030,grid,500,poor,0.0,fading,1,0,30,30,457,457,0,0,0,13.9,25.9,14.6,16.6,26.9,5.4,12.2,16.6,0.533,1.096,0.965,0.709
request,adr-0030,grid,500,poor,6.0,fading,1,0,30,30,457,457,0,0,0,4.1,7.4,4.7,4.1,8.6,2.8,5.0,5.56,0.262,1.05,0.818,0.748
request,adr-0030,grid,500,poor,12.0,fading,1,0,30,30,457,457,0,0,0,3.0,4.1,2.8,3.0,4.3,1.4,3.1,3.84,0.199,1.044,0.796,0.746
request,adr-0030,drops,2300,good,-12.0,fading,1,100,100,100,1534,1534,0,0,0,32.9,54.8,35.2,33.2,56.9,25.7,44.4,40.85,0.791,0.772,0.889,0.642
request,adr-0030,drops,2300,good,-6.0,fading,1,100,100,100,1534,1534,0,0,0,17.1,28.2,18.0,17.2,30.1,6.2,16.1,23.56,0.685,0.653,0.799,0.698
request,adr-0030,drops,2300,good,0.0,fading,1,100,100,100,1534,1534,0,0,0,7.4,17.2,9.1,9.0,17.2,5.3,10.0,11.8,0.463,0.967,0.81,0.72
request,adr-0030,drops,2300,moderate,-12.0,fading,1,100,100,100,1534,1534,0,0,0,27.9,42.8,28.5,27.9,44.0,17.9,36.4,33.95,0.756,0.656,0.8,0.696
request,adr-0030,drops,2300,moderate,-6.0,fading,1,100,100,100,1534,1534,0,0,0,14.9,21.4,14.7,17.1,22.5,5.4,14.9,20.37,0.655,0.638,0.787,0.701
request,adr-0030,drops,2300,moderate,0.0,fading,1,100,100,100,1534,1534,0,0,0,6.3,17.0,8.4,7.2,17.1,5.3,8.2,10.28,0.414,0.993,0.836,0.729
request,adr-0030,drops,2300,poor,-12.0,fading,1,100,100,100,1534,1534,0,0,0,26.5,42.8,26.8,27.9,42.8,16.1,31.0,32.33,0.748,0.64,0.787,0.701
request,adr-0030,drops,2300,poor,-6.0,fading,1,100,100,100,1534,1534,0,0,0,14.9,22.0,15.0,17.1,22.5,6.6,15.1,20.61,0.657,0.638,0.787,0.701
request,adr-0030,drops,2300,poor,0.0,fading,1,100,100,100,1534,1534,0,0,0,6.1,14.4,7.3,6.3,15.1,3.2,6.6,8.88,0.374,1.053,0.843,0.729
request,adr-0030,drops,500,good,-12.0,fading,1,100,100,100,1534,1534,0,0,0,33.2,55.5,35.4,33.5,57.3,25.7,46.0,41.1,0.794,0.748,0.889,0.643
request,adr-0030,drops,500,good,-6.0,fading,1,100,100,100,1534,1514,20,1,1,22.5,33.2,22.2,22.5,33.6,10.7,21.5,27.7,0.715,0.684,0.789,0.686
request,adr-0030,drops,500,good,0.0,fading,1,100,100,100,1534,1534,0,0,0,14.0,27.9,15.2,17.0,27.9,6.3,14.9,17.76,0.562,1.059,0.851,0.698
request,adr-0030,drops,500,moderate,-12.0,fading,1,100,100,100,1534,1534,0,0,0,27.9,42.8,28.9,27.9,43.8,21.5,36.4,34.35,0.759,0.658,0.798,0.693
request,adr-0030,drops,500,moderate,-6.0,fading,1,100,100,100,1534,1534,0,0,0,19.7,27.9,20.0,22.5,28.6,10.7,20.3,25.66,0.705,0.638,0.787,0.701
request,adr-0030,drops,500,moderate,0.0,fading,1,100,100,100,1534,1534,0,0,0,17.1,28.3,17.3,18.5,29.6,7.4,15.1,19.94,0.591,0.961,0.92,0.689
request,adr-0030,drops,500,poor,-12.0,fading,1,100,100,100,1534,1534,0,0,0,27.3,42.8,27.5,27.9,42.8,21.5,36.4,33.02,0.751,0.64,0.787,0.701
request,adr-0030,drops,500,poor,-6.0,fading,1,100,100,100,1534,1534,0,0,0,18.8,27.9,19.6,22.5,27.9,10.7,20.3,25.28,0.702,0.638,0.787,0.701
request,adr-0030,drops,500,poor,0.0,fading,1,100,100,100,1534,1534,0,0,0,13.3,26.4,14.6,15.6,27.9,6.3,11.6,16.25,0.524,1.11,0.937,0.696
request,adr-0030,drops200,2300,good,-12.0,fading,1,200,200,199,3041,3035,6,1,0,33.1,54.4,34.7,33.8,56.7,21.5,41.9,40.4,0.792,0.732,0.872,0.631
request,adr-0030,drops200,2300,good,-6.0,fading,1,200,200,200,3052,3052,0,0,0,17.1,28.9,18.3,17.2,31.0,7.5,16.1,23.88,0.688,0.656,0.8,0.688
request,adr-0030,drops200,2300,good,0.0,fading,1,200,200,200,3052,3052,0,0,0,7.7,17.2,9.3,10.0,17.3,5.3,8.4,12.08,0.471,0.942,0.802,0.713
request,adr-0030,drops200,2300,moderate,-12.0,fading,1,200,200,200,3052,3052,0,0,0,27.9,43.3,28.7,28.4,44.5,20.3,36.4,34.17,0.758,0.655,0.798,0.684
request,adr-0030,drops200,2300,moderate,-6.0,fading,1,200,200,200,3052,3052,0,0,0,14.9,21.1,14.7,17.1,22.4,5.4,14.9,20.37,0.656,0.632,0.783,0.694
request,adr-0030,drops200,2300,moderate,0.0,fading,1,200,200,200,3052,3052,0,0,0,6.3,17.1,8.5,7.2,17.2,5.3,8.1,10.33,0.415,1.004,0.83,0.727
request,adr-0030,drops200,2300,poor,-12.0,fading,1,200,200,200,3052,3052,0,0,0,26.3,42.8,26.8,27.9,42.8,16.1,29.3,32.31,0.748,0.632,0.783,0.693
request,adr-0030,drops200,2300,poor,-6.0,fading,1,200,200,200,3052,3052,0,0,0,15.5,22.3,15.2,17.1,22.5,5.9,15.2,20.81,0.66,0.632,0.783,0.694
request,adr-0030,drops200,2300,poor,0.0,fading,1,200,200,200,3052,3052,0,0,0,5.9,13.5,7.1,6.3,14.7,3.9,6.3,8.39,0.357,1.07,0.854,0.725
request,adr-0030,drops200,500,good,-12.0,fading,1,200,200,199,3041,3040,1,1,0,33.2,55.5,35.4,34.1,57.8,24.7,44.2,41.09,0.794,0.73,0.884,0.627
request,adr-0030,drops200,500,good,-6.0,fading,1,200,200,200,3052,3016,36,3,1,22.5,33.5,22.7,22.5,36.3,10.7,21.4,28.02,0.719,0.667,0.805,0.679
request,adr-0030,drops200,500,good,0.0,fading,1,200,200,200,3052,3028,24,3,0,14.0,27.9,15.1,16.7,27.9,5.8,14.2,17.67,0.563,1.045,0.836,0.685
request,adr-0030,drops200,500,moderate,-12.0,fading,1,200,200,200,3052,3052,0,0,0,27.9,43.7,29.2,28.5,44.9,21.5,36.4,34.67,0.76,0.649,0.8,0.683
request,adr-0030,drops200,500,moderate,-6.0,fading,1,200,200,200,3052,3052,0,0,0,20.3,27.9,19.8,22.5,28.6,10.7,20.3,25.49,0.704,0.634,0.783,0.695
request,adr-0030,drops200,500,moderate,0.0,fading,1,200,200,200,3052,3049,3,1,0,17.1,28.2,17.2,18.5,29.3,7.4,14.5,20.1,0.598,0.944,0.904,0.688
request,adr-0030,drops200,500,poor,-12.0,fading,1,200,200,200,3052,3052,0,0,0,27.9,42.8,27.6,27.9,42.8,20.3,33.0,33.1,0.752,0.633,0.783,0.693
request,adr-0030,drops200,500,poor,-6.0,fading,1,200,200,200,3052,3052,0,0,0,19.9,27.9,19.5,22.5,28.1,10.7,20.3,25.19,0.702,0.632,0.783,0.694
request,adr-0030,drops200,500,poor,0.0,fading,1,200,200,200,3052,3010,42,5,0,13.2,26.9,14.7,16.2,27.9,5.4,11.6,16.37,0.532,1.064,0.921,0.692
request,adr-0030,missed-preambles,2300,good,-12.0,fading,1,100,100,100,1534,1458,76,10,0,39.6,74.6,43.1,42.8,74.6,27.3,66.4,47.26,0.826,0.819,0.875,0.636
request,adr-0030,missed-preambles,2300,good,-6.0,fading,1,100,100,100,1534,1521,13,1,0,17.1,37.2,20.8,18.1,40.3,5.4,16.7,26.02,0.705,0.726,0.795,0.703
request,adr-0030,missed-preambles,2300,good,0.0,fading,1,100,100,100,1534,1531,3,1,0,9.0,19.4,10.7,11.1,22.2,5.4,10.7,13.13,0.484,1.018,0.807,0.731
request,adr-0030,missed-preambles,2300,moderate,-12.0,fading,1,100,100,100,1534,1498,36,3,0,33.2,62.0,36.5,37.3,65.0,21.0,41.7,41.67,0.802,0.711,0.787,0.695
request,adr-0030,missed-preambles,2300,moderate,-6.0,fading,1,100,100,100,1534,1534,0,0,0,15.7,29.5,17.1,17.1,32.9,5.4,14.9,22.51,0.672,0.722,0.787,0.722
request,adr-0030,missed-preambles,2300,moderate,0.0,fading,1,100,100,100,1534,1520,14,3,0,7.2,17.8,9.7,8.9,19.2,5.4,10.2,11.12,0.43,1.03,0.825,0.739
request,adr-0030,missed-preambles,2300,poor,-12.0,fading,1,100,100,100,1534,1510,24,2,0,32.1,57.7,34.1,33.2,63.9,16.1,39.0,39.49,0.792,0.701,0.776,0.705
request,adr-0030,missed-preambles,2300,poor,-6.0,fading,1,100,100,100,1534,1534,0,0,0,15.7,28.5,17.1,17.1,32.4,6.4,15.7,22.51,0.672,0.718,0.787,0.718
request,adr-0030,missed-preambles,2300,poor,0.0,fading,1,100,100,100,1534,1521,13,3,0,6.3,16.2,8.4,7.0,17.1,4.2,9.4,9.4,0.381,1.095,0.85,0.74
request,adr-0030,missed-preambles,500,good,-12.0,fading,1,100,100,100,1534,1449,85,12,0,40.8,73.9,43.9,42.8,74.6,31.0,68.1,47.69,0.829,0.817,0.856,0.628
request,adr-0030,missed-preambles,500,good,-6.0,fading,1,100,100,100,1534,1481,53,5,0,22.7,45.7,27.1,26.8,48.0,10.7,26.4,31.76,0.752,0.718,0.776,0.688
request,adr-0030,missed-preambles,500,good,0.0,fading,1,100,100,100,1534,1414,120,16,2,16.4,33.5,18.3,17.5,35.0,8.2,20.7,19.48,0.576,1.207,0.788,0.673
request,adr-0030,missed-preambles,500,moderate,-12.0,fading,1,100,100,100,1534,1496,38,3,0,33.2,64.8,37.4,36.4,65.0,25.7,47.8,42.49,0.805,0.718,0.78,0.688
request,adr-0030,missed-preambles,500,moderate,-6.0,fading,1,100,100,100,1534,1518,16,1,0,22.5,41.1,24.5,22.7,43.6,10.7,24.7,29.9,0.737,0.703,0.78,0.712
request,adr-0030,missed-preambles,500,moderate,0.0,fading,1,100,100,100,1534,1507,27,4,0,17.7,36.0,20.5,19.7,37.4,9.1,21.0,22.38,0.615,1.089,0.883,0.702
request,adr-0030,missed-preambles,500,poor,-12.0,fading,1,100,100,100,1534,1507,27,2,0,32.9,56.9,35.0,33.2,57.7,25.7,46.7,40.36,0.796,0.709,0.776,0.704
request,adr-0030,missed-preambles,500,poor,-6.0,fading,1,100,100,100,1534,1518,16,1,0,22.5,40.8,24.0,22.7,43.6,10.7,20.6,29.47,0.735,0.7,0.78,0.711
request,adr-0030,missed-preambles,500,poor,0.0,fading,1,100,100,100,1534,1397,137,17,0,14.4,32.0,17.1,17.0,33.0,7.4,16.3,16.6,0.534,1.19,0.879,0.654
request,adr-0030+adr-0028,grid,2300,awgn,-12.0,fading,1,0,30,30,457,457,0,0,0,22.8,42.8,25.3,27.9,42.8,10.7,16.1,30.93,0.74,0.648,0.796,0.707
request,adr-0030+adr-0028,grid,2300,awgn,-6.0,fading,1,0,30,30,457,457,0,0,0,12.3,18.9,13.5,15.3,19.5,5.4,9.6,19.31,0.642,0.648,0.796,0.707
request,adr-0030+adr-0028,grid,2300,awgn,0.0,fading,1,0,30,30,457,457,0,0,0,3.0,4.4,3.3,3.0,4.5,2.1,3.2,4.54,0.229,1.037,0.796,0.748
request,adr-0030+adr-0028,grid,2300,awgn,6.0,fading,1,0,30,30,457,457,0,0,0,2.0,3.4,2.4,2.5,3.5,1.1,1.2,3.45,0.183,1.044,0.796,0.748
request,adr-0030+adr-0028,grid,2300,awgn,12.0,fading,1,0,30,30,457,457,0,0,0,2.0,2.5,1.9,2.0,2.5,1.1,1.1,3.03,0.164,1.044,0.796,0.748
request,adr-0030+adr-0028,grid,2300,good,-12.0,fading,1,0,30,30,457,443,14,2,0,33.2,55.2,35.1,33.2,55.9,24.7,42.0,39.89,0.79,0.751,0.869,0.608
request,adr-0030+adr-0028,grid,2300,good,-6.0,fading,1,0,30,30,457,447,10,1,0,17.1,28.8,18.0,17.2,32.0,6.1,16.1,23.06,0.683,0.678,0.803,0.689
request,adr-0030+adr-0028,grid,2300,good,0.0,fading,1,0,30,30,457,457,0,0,0,7.2,17.2,9.2,9.0,18.6,4.2,9.4,11.69,0.454,1.015,0.818,0.711
request,adr-0030+adr-0028,grid,2300,good,6.0,fading,1,0,30,30,457,457,0,0,0,3.0,4.5,2.9,3.0,4.8,1.1,3.1,3.91,0.201,1.053,0.799,0.751
request,adr-0030+adr-0028,grid,2300,good,12.0,fading,1,0,30,30,457,457,0,0,0,2.0,3.4,2.2,2.0,3.5,1.1,3.1,3.22,0.172,1.044,0.796,0.748
request,adr-0030+adr-0028,grid,2300,moderate,-12.0,fading,1,0,30,30,457,457,0,0,0,27.9,42.8,28.6,28.6,44.6,17.7,36.4,34.07,0.755,0.672,0.807,0.696
request,adr-0030+adr-0028,grid,2300,moderate,-6.0,fading,1,0,30,30,457,457,0,0,0,14.9,21.0,14.6,17.1,21.4,5.4,14.9,20.27,0.652,0.648,0.796,0.707
request,adr-0030+adr-0028,grid,2300,moderate,0.0,fading,1,0,30,30,457,457,0,0,0,7.0,17.1,8.6,8.4,17.1,5.0,6.9,10.86,0.431,0.972,0.836,0.722
request,adr-0030+adr-0028,grid,2300,moderate,6.0,fading,1,0,30,30,457,457,0,0,0,3.0,4.1,2.8,3.0,4.5,1.1,3.1,3.86,0.2,1.046,0.799,0.748
request,adr-0030+adr-0028,grid,2300,moderate,12.0,fading,1,0,30,30,457,457,0,0,0,2.0,3.1,2.1,2.0,3.4,1.1,3.1,3.17,0.17,1.044,0.796,0.748
request,adr-0030+adr-0028,grid,2300,poor,-12.0,fading,1,0,30,30,457,457,0,0,0,25.7,42.8,26.4,27.9,42.8,14.2,29.3,31.98,0.745,0.646,0.799,0.707
request,adr-0030+adr-0028,grid,2300,poor,-6.0,fading,1,0,30,30,457,457,0,0,0,14.9,22.5,15.3,17.1,22.9,6.5,14.9,20.97,0.659,0.648,0.796,0.707
request,adr-0030+adr-0028,grid,2300,poor,0.0,fading,1,0,30,30,457,457,0,0,0,5.9,14.5,7.3,6.3,15.7,3.2,6.1,8.81,0.37,1.068,0.862,0.744
request,adr-0030+adr-0028,grid,2300,poor,6.0,fading,1,0,30,30,457,457,0,0,0,3.0,4.1,2.7,3.0,4.1,1.1,3.1,3.75,0.195,1.048,0.799,0.748
request,adr-0030+adr-0028,grid,2300,poor,12.0,fading,1,0,30,30,457,457,0,0,0,2.0,3.1,2.1,2.0,3.2,1.1,3.1,3.19,0.171,1.044,0.796,0.748
request,adr-0030+adr-0028,grid,500,awgn,-12.0,fading,1,0,30,30,457,457,0,0,0,22.9,42.8,25.8,27.9,42.8,14.2,21.5,31.42,0.743,0.648,0.796,0.707
request,adr-0030+adr-0028,grid,500,awgn,-6.0,fading,1,0,30,30,457,457,0,0,0,17.6,27.9,18.8,22.5,28.2,9.6,10.9,24.57,0.696,0.648,0.796,0.707
request,adr-0030+adr-0028,grid,500,awgn,0.0,fading,1,0,30,30,457,457,0,0,0,6.5,10.4,6.8,7.2,10.4,3.2,4.2,7.64,0.328,1.044,0.796,0.748
request,adr-0030+adr-0028,grid,500,awgn,6.0,fading,1,0,30,30,457,457,0,0,0,3.0,5.1,3.3,4.1,5.1,1.8,2.1,4.42,0.222,1.044,0.796,0.748
request,adr-0030+adr-0028,grid,500,awgn,12.0,fading,1,0,30,30,457,457,0,0,0,2.0,3.2,2.4,2.6,3.4,1.1,1.9,3.45,0.183,1.044,0.796,0.748
request,adr-0030+adr-0028,grid,500,good,-12.0,fading,1,0,30,30,457,457,0,0,0,33.2,54.4,35.5,33.2,55.1,26.8,42.9,41.06,0.79,0.786,0.884,0.637
request,adr-0030+adr-0028,grid,500,good,-6.0,fading,1,0,30,30,457,434,23,2,0,22.5,33.7,22.7,22.5,37.3,10.7,25.7,26.82,0.714,0.665,0.779,0.663
request,adr-0030+adr-0028,grid,500,good,0.0,fading,1,0,30,30,457,457,0,0,0,14.4,25.3,14.9,16.7,26.7,7.0,16.1,17.37,0.553,1.129,0.847,0.698
request,adr-0030+adr-0028,grid,500,good,6.0,fading,1,0,30,30,457,457,0,0,0,4.3,10.6,5.6,5.1,11.2,3.1,6.3,6.34,0.287,1.118,0.805,0.742
request,adr-0030+adr-0028,grid,500,good,12.0,fading,1,0,30,30,457,457,0,0,0,3.0,5.1,3.0,3.0,5.1,1.4,4.2,4.08,0.208,1.05,0.796,0.746
request,adr-0030+adr-0028,grid,500,moderate,-12.0,fading,1,0,30,30,457,457,0,0,0,27.9,44.0,29.0,28.9,44.6,20.3,36.8,34.48,0.757,0.672,0.81,0.696
request,adr-0030+adr-0028,grid,500,moderate,-6.0,fading,1,0,30,30,457,457,0,0,0,18.9,28.5,19.5,22.5,29.6,10.7,20.3,25.27,0.701,0.648,0.796,0.707
request,adr-0030+adr-0028,grid,500,moderate,0.0,fading,1,0,30,30,457,456,1,1,0,17.1,27.9,16.9,18.5,28.5,7.4,14.3,19.86,0.59,0.926,0.891,0.707
request,adr-0030+adr-0028,grid,500,moderate,6.0,fading,1,0,30,30,457,457,0,0,0,5.1,10.5,6.0,5.1,11.4,3.2,5.6,6.87,0.305,1.048,0.812,0.737
request,adr-0030+adr-0028,grid,500,moderate,12.0,fading,1,0,30,30,457,457,0,0,0,3.0,5.1,3.0,3.0,5.1,1.1,4.2,4.02,0.205,1.048,0.799,0.748
request,adr-0030+adr-0028,grid,500,poor,-12.0,fading,1,0,30,30,457,457,0,0,0,26.8,42.8,27.2,27.9,42.8,20.3,31.0,32.8,0.75,0.646,0.796,0.707
request,adr-0030+adr-0028,grid,500,poor,-6.0,fading,1,0,30,30,457,457,0,0,0,18.7,28.1,19.4,22.5,28.7,10.7,20.3,25.15,0.7,0.648,0.796,0.707
request,adr-0030+adr-0028,grid,500,poor,0.0,fading,1,0,30,30,457,456,1,1,0,14.6,27.1,15.3,17.1,27.9,5.4,12.5,17.26,0.542,1.079,0.987,0.694
request,adr-0030+adr-0028,grid,500,poor,6.0,fading,1,0,30,30,457,457,0,0,0,4.1,7.4,4.7,4.2,8.4,3.1,4.2,5.64,0.265,1.053,0.816,0.746
request,adr-0030+adr-0028,grid,500,poor,12.0,fading,1,0,30,30,457,457,0,0,0,3.0,4.1,2.8,3.0,4.2,1.6,3.1,3.82,0.198,1.044,0.796,0.746
request,adr-0030+adr-0028,drops,2300,good,-12.0,fading,1,100,100,100,1534,1528,6,1,0,33.2,56.4,35.6,33.5,58.7,25.7,42.3,41.08,0.792,0.75,0.904,0.631
request,adr-0030+adr-0028,drops,2300,good,-6.0,fading,1,100,100,100,1534,1534,0,0,0,17.1,28.7,18.1,17.2,30.1,6.4,15.0,23.62,0.685,0.652,0.798,0.697
request,adr-0030+adr-0028,drops,2300,good,0.0,fading,1,100,100,100,1534,1534,0,0,0,7.9,17.2,9.3,10.0,17.3,5.3,10.2,12.05,0.469,0.959,0.809,0.716
request,adr-0030+adr-0028,drops,2300,moderate,-12.0,fading,1,100,100,100,1534,1534,0,0,0,27.9,42.8,28.5,27.9,44.3,17.9,36.4,33.97,0.756,0.654,0.798,0.698
request,adr-0030+adr-0028,drops,2300,moderate,-6.0,fading,1,100,100,100,1534,1534,0,0,0,14.9,21.4,14.7,17.1,22.5,5.4,14.9,20.36,0.654,0.638,0.787,0.701
request,adr-0030+adr-0028,drops,2300,moderate,0.0,fading,1,100,100,100,1534,1534,0,0,0,6.3,17.0,8.5,7.3,17.1,5.3,8.4,10.44,0.419,0.98,0.838,0.727
request,adr-0030+adr-0028,drops,2300,poor,-12.0,fading,1,100,100,100,1534,1534,0,0,0,26.2,42.8,26.8,27.9,42.8,16.1,27.5,32.25,0.747,0.641,0.787,0.7
request,adr-0030+adr-0028,drops,2300,poor,-6.0,fading,1,100,100,100,1534,1534,0,0,0,14.9,22.3,15.0,17.1,22.5,7.0,15.0,20.65,0.657,0.638,0.787,0.701
request,adr-0030+adr-0028,drops,2300,poor,0.0,fading,1,100,100,100,1534,1534,0,0,0,6.1,14.6,7.4,6.3,15.9,3.2,6.3,8.77,0.368,1.078,0.847,0.728
request,adr-0030+adr-0028,drops,500,good,-12.0,fading,1,100,100,100,1534,1528,6,1,0,33.2,55.6,35.6,33.8,57.7,25.7,45.2,41.24,0.794,0.733,0.89,0.626
request,adr-0030+adr-0028,drops,500,good,-6.0,fading,1,100,100,100,1534,1522,12,1,0,22.5,33.2,22.3,22.5,34.5,10.7,21.1,27.61,0.718,0.656,0.791,0.69
request,adr-0030+adr-0028,drops,500,good,0.0,fading,1,100,100,100,1534,1534,0,0,0,13.8,27.9,15.2,16.9,27.9,6.3,14.8,17.79,0.563,1.042,0.846,0.7
request,adr-0030+adr-0028,drops,500,moderate,-12.0,fading,1,100,100,100,1534,1534,0,0,0,27.9,42.8,28.9,27.9,44.1,21.5,36.4,34.33,0.758,0.655,0.796,0.695
request,adr-0030+adr-0028,drops,500,moderate,-6.0,fading,1,100,100,100,1534,1534,0,0,0,19.6,27.9,20.0,22.5,28.8,10.7,20.3,25.6,0.704,0.638,0.787,0.701
request,adr-0030+adr-0028,drops,500,moderate,0.0,fading,1,100,100,100,1534,1534,0,0,0,17.1,28.1,17.2,18.5,29.0,8.0,15.6,19.97,0.594,0.954,0.914,0.704
request,adr-0030+adr-0028,drops,500,poor,-12.0,fading,1,100,100,100,1534,1534,0,0,0,27.8,42.8,27.5,27.9,42.8,21.1,36.4,32.99,0.751,0.641,0.787,0.7
request,adr-0030+adr-0028,drops,500,poor,-6.0,fading,1,100,100,100,1534,1534,0,0,0,19.0,27.9,19.7,22.5,28.4,10.7,20.3,25.33,0.702,0.638,0.787,0.701
request,adr-0030+adr-0028,drops,500,poor,0.0,fading,1,100,100,100,1534,1533,1,1,0,12.8,25.9,14.4,15.4,27.9,6.3,12.0,16.08,0.522,1.102,0.945,0.701
request,adr-0030+adr-0028,drops200,2300,good,-12.0,fading,1,200,200,199,3041,3041,0,0,0,33.2,55.6,35.1,34.1,57.8,21.5,45.3,40.64,0.79,0.743,0.892,0.633
request,adr-0030+adr-0028,drops200,2300,good,-6.0,fading,1,200,200,200,3052,3052,0,0,0,17.1,29.2,18.4,17.4,31.8,7.4,16.1,23.92,0.687,0.662,0.8,0.689
request,adr-0030+adr-0028,drops200,2300,good,0.0,fading,1,200,200,200,3052,3052,0,0,0,7.9,17.2,9.4,10.1,17.3,5.3,8.4,12.18,0.473,0.932,0.799,0.711
request,adr-0030+adr-0028,drops200,2300,moderate,-12.0,fading,1,200,200,200,3052,3052,0,0,0,27.9,43.3,28.7,28.5,44.6,20.3,36.1,34.15,0.757,0.657,0.798,0.684
request,adr-0030+adr-0028,drops200,2300,moderate,-6.0,fading,1,200,200,200,3052,3052,0,0,0,14.9,21.1,14.7,17.1,22.5,5.4,14.9,20.35,0.655,0.632,0.783,0.694
request,adr-0030+adr-0028,drops200,2300,moderate,0.0,fading,1,200,200,200,3052,3052,0,0,0,6.3,17.1,8.5,7.2,17.2,5.3,8.2,10.32,0.415,1.008,0.829,0.728
request,adr-0030+adr-0028,drops200,2300,poor,-12.0,fading,1,200,200,200,3052,3052,0,0,0,26.3,42.8,26.8,27.9,42.8,16.1,29.4,32.33,0.748,0.632,0.784,0.693
request,adr-0030+adr-0028,drops200,2300,poor,-6.0,fading,1,200,200,200,3052,3052,0,0,0,15.4,22.5,15.1,17.1,22.5,6.0,15.0,20.75,0.659,0.632,0.783,0.694
request,adr-0030+adr-0028,drops200,2300,poor,0.0,fading,1,200,200,200,3052,3052,0,0,0,5.8,13.3,7.1,6.3,14.4,3.9,6.3,8.28,0.353,1.078,0.857,0.722
request,adr-0030+adr-0028,drops200,500,good,-12.0,fading,1,200,200,199,3041,3041,0,0,0,33.2,55.4,35.5,34.3,57.3,25.1,45.3,41.03,0.791,0.738,0.892,0.629
request,adr-0030+adr-0028,drops200,500,good,-6.0,fading,1,200,200,200,3052,3029,23,2,1,22.5,34.0,22.7,22.5,36.1,10.7,21.4,28.14,0.718,0.665,0.808,0.682
request,adr-0030+adr-0028,drops200,500,good,0.0,fading,1,200,200,200,3052,3022,30,4,0,14.2,27.9,15.3,17.0,27.9,5.4,13.4,17.68,0.562,1.059,0.836,0.682
request,adr-0030+adr-0028,drops200,500,moderate,-12.0,fading,1,200,200,200,3052,3052,0,0,0,27.9,43.5,29.2,28.6,44.8,21.5,36.4,34.63,0.759,0.65,0.8,0.684
request,adr-0030+adr-0028,drops200,500,moderate,-6.0,fading,1,200,200,200,3052,3052,0,0,0,20.3,28.2,19.8,22.5,28.8,10.7,20.3,25.48,0.704,0.633,0.783,0.695
request,adr-0030+adr-0028,drops200,500,moderate,0.0,fading,1,200,200,200,3052,3047,5,2,0,17.0,28.3,17.2,18.3,29.3,7.4,13.7,20.05,0.596,0.945,0.879,0.687
request,adr-0030+adr-0028,drops200,500,poor,-12.0,fading,1,200,200,200,3052,3052,0,0,0,27.9,42.8,27.6,27.9,42.8,20.3,34.0,33.08,0.752,0.633,0.783,0.693
request,adr-0030+adr-0028,drops200,500,poor,-6.0,fading,1,200,200,200,3052,3052,0,0,0,20.0,27.9,19.5,22.5,28.4,10.7,20.3,25.2,0.702,0.632,0.783,0.694
request,adr-0030+adr-0028,drops200,500,poor,0.0,fading,1,200,200,200,3052,3012,40,4,1,13.1,27.0,14.7,16.0,27.9,5.4,11.3,16.48,0.531,1.043,0.945,0.693
request,adr-0030+adr-0028,missed-preambles,2300,good,-12.0,fading,1,100,100,100,1534,1451,83,11,0,38.9,74.6,43.0,42.8,75.9,26.8,62.3,46.82,0.824,0.787,0.872,0.641
request,adr-0030+adr-0028,missed-preambles,2300,good,-6.0,fading,1,100,100,100,1534,1521,13,1,0,17.1,36.8,20.9,18.1,39.7,6.0,18.5,26.03,0.704,0.72,0.79,0.705
request,adr-0030+adr-0028,missed-preambles,2300,good,0.0,fading,1,100,100,100,1534,1529,5,1,0,9.0,19.8,10.9,11.6,22.5,5.4,10.7,13.28,0.488,1.006,0.8,0.737
request,adr-0030+adr-0028,missed-preambles,2300,moderate,-12.0,fading,1,100,100,100,1534,1509,25,2,0,33.2,62.5,36.4,37.4,65.0,20.3,41.7,41.72,0.801,0.709,0.787,0.697
request,adr-0030+adr-0028,missed-preambles,2300,moderate,-6.0,fading,1,100,100,100,1534,1534,0,0,0,15.7,30.8,17.2,17.1,32.9,5.4,14.9,22.48,0.67,0.725,0.787,0.723
request,adr-0030+adr-0028,missed-preambles,2300,moderate,0.0,fading,1,100,100,100,1534,1521,13,2,0,7.3,17.2,9.6,9.0,18.4,5.3,10.2,10.98,0.425,1.042,0.827,0.739
request,adr-0030+adr-0028,missed-preambles,2300,poor,-12.0,fading,1,100,100,100,1534,1510,24,2,0,32.1,57.3,33.8,33.2,62.7,16.1,37.2,39.21,0.791,0.704,0.776,0.704
request,adr-0030+adr-0028,missed-preambles,2300,poor,-6.0,fading,1,100,100,100,1534,1534,0,0,0,15.7,31.2,17.4,17.1,32.9,6.8,15.6,22.71,0.672,0.717,0.787,0.716
request,adr-0030+adr-0028,missed-preambles,2300,poor,0.0,fading,1,100,100,100,1534,1507,27,3,0,6.3,16.9,8.6,7.0,17.1,5.3,9.8,9.39,0.382,1.081,0.846,0.729
request,adr-0030+adr-0028,missed-preambles,500,good,-12.0,fading,1,100,100,100,1534,1424,110,13,0,40.7,74.6,44.0,42.8,76.0,31.0,68.2,46.93,0.827,0.781,0.834,0.621
request,adr-0030+adr-0028,missed-preambles,500,good,-6.0,fading,1,100,100,100,1534,1493,41,3,0,23.6,46.0,27.3,27.9,48.2,10.8,26.4,32.03,0.751,0.715,0.784,0.694
request,adr-0030+adr-0028,missed-preambles,500,good,0.0,fading,1,100,100,100,1534,1434,100,10,3,15.6,32.9,18.0,17.2,34.7,7.6,20.7,19.43,0.564,1.239,0.797,0.674
request,adr-0030+adr-0028,missed-preambles,500,moderate,-12.0,fading,1,100,100,100,1534,1499,35,4,0,33.2,64.4,37.4,36.6,65.0,25.7,47.9,42.48,0.803,0.718,0.786,0.688
request,adr-0030+adr-0028,missed-preambles,500,moderate,-6.0,fading,1,100,100,100,1534,1518,16,1,0,22.5,41.9,24.6,23.0,43.6,10.7,25.3,29.88,0.735,0.705,0.78,0.712
request,adr-0030+adr-0028,missed-preambles,500,moderate,0.0,fading,1,100,100,100,1534,1438,96,13,1,18.1,37.4,21.2,20.7,39.3,8.4,20.7,22.13,0.61,1.043,0.876,0.673
request,adr-0030+adr-0028,missed-preambles,500,poor,-12.0,fading,1,100,100,100,1534,1507,27,2,0,32.6,56.3,34.8,33.2,57.7,25.7,46.7,40.11,0.794,0.704,0.775,0.703
request,adr-0030+adr-0028,missed-preambles,500,poor,-6.0,fading,1,100,100,100,1534,1518,16,1,0,22.5,40.8,24.0,22.8,43.6,10.7,20.3,29.41,0.733,0.696,0.78,0.711
request,adr-0030+adr-0028,missed-preambles,500,poor,0.0,fading,1,100,100,100,1534,1449,85,12,0,14.7,31.9,17.3,17.0,32.9,7.4,15.6,17.39,0.541,1.123,0.915,0.679
